request_id,kind,scheduled_ns,first_write_ns,sent_ns,completed_ns,status
80:21:1,NEW,46588683866629,46588685121306,46588685207832,46588693994320,ACCEPTED
81:21:1,NEW,46588696366629,46588696509885,46588696589120,46588704066211,ACCEPTED
82:21:1,NEW,46588708866629,46588710191638,46588710266182,46588718872386,ACCEPTED
83:21:1,NEW,46588721366629,46588721470144,46588721531661,46588729779539,ACCEPTED
80:21:2,CANCEL,46588733866629,46588734881248,46588734937492,46588742925955,CANCELED
81:21:2,CANCEL,46588746366629,46588746588874,46588746662324,46588754253175,CANCELED
82:21:2,CANCEL,46588758866629,46588759995993,46588760098994,46588767409002,CANCELED
83:21:2,CANCEL,46588771366629,46588771551528,46588771631651,46588780868658,CANCELED
80:22:1,NEW,46588783866629,46588784645253,46588784715270,46588791843043,ACCEPTED
81:22:1,NEW,46588796366629,46588797038996,46588797114550,46588804364516,ACCEPTED
82:22:1,NEW,46588808866629,46588810126521,46588810199426,46588817558735,ACCEPTED
83:22:1,NEW,46588821366629,46588822586679,46588822684059,46588830806841,ACCEPTED
80:22:2,CANCEL,46588833866629,46588834659788,46588834740225,46588844325012,CANCELED
81:22:2,CANCEL,46588846366629,46588847832424,46588847906120,46588855614745,CANCELED
82:22:2,CANCEL,46588858866629,46588859432586,46588859512411,46588866936013,CANCELED
83:22:2,CANCEL,46588871366629,46588872062704,46588872147643,46588880329309,CANCELED
80:23:1,NEW,46588883866629,46588884437046,46588884519448,46588892478384,ACCEPTED
81:23:1,NEW,46588896366629,46588896701208,46588896769842,46588903679697,ACCEPTED
82:23:1,NEW,46588908866629,46588909358021,46588909424870,46588916653103,ACCEPTED
83:23:1,NEW,46588921366629,46588921876347,46588921937865,46588929200916,ACCEPTED
80:23:2,CANCEL,46588933866629,46588934660987,46588934750537,46588942933112,CANCELED
81:23:2,CANCEL,46588946366629,46588946783187,46588946865681,46588954414533,CANCELED
82:23:2,CANCEL,46588958866629,46588960045299,46588960210956,46588968318859,CANCELED
83:23:2,CANCEL,46588971366629,46588972096029,46588972173192,46588979498985,CANCELED
80:24:1,NEW,46588983866629,46588984202962,46588984276775,46588991808907,ACCEPTED
81:24:1,NEW,46588996366629,46588996671651,46588996756718,46589004078680,ACCEPTED
82:24:1,NEW,46589008866629,46589009518493,46589009582050,46589015529305,ACCEPTED
83:24:1,NEW,46589021366629,46589022402640,46589022474238,46589030448838,ACCEPTED
80:24:2,CANCEL,46589033866629,46589034322269,46589034397104,46589041870794,CANCELED
81:24:2,CANCEL,46589046366629,46589047237195,46589047325922,46589055457418,CANCELED
82:24:2,CANCEL,46589058866629,46589059462293,46589059535585,46589067609929,CANCELED
83:24:2,CANCEL,46589071366629,46589071763713,46589071855637,46589079326529,CANCELED
80:25:1,NEW,46589083866629,46589084418573,46589084507480,46589093055080,ACCEPTED
81:25:1,NEW,46589096366629,46589096781389,46589096870657,46589104649544,ACCEPTED
82:25:1,NEW,46589108866629,46589109964928,46589110082965,46589119208955,ACCEPTED
83:25:1,NEW,46589121366629,46589121699109,46589121758342,46589132122956,ACCEPTED
80:25:2,CANCEL,46589133866629,46589134787257,46589134867640,46589143191929,CANCELED
81:25:2,CANCEL,46589146366629,46589146882508,46589146955030,46589154831987,CANCELED
82:25:2,CANCEL,46589158866629,46589159981592,46589160088872,46589167896901,CANCELED
83:25:2,CANCEL,46589171366629,46589171731858,46589171877205,46589180504225,CANCELED
80:26:1,NEW,46589183866629,46589184173296,46589184241489,46589190864666,ACCEPTED
81:26:1,NEW,46589196366629,46589197655328,46589197748308,46589204984372,ACCEPTED
82:26:1,NEW,46589208866629,46589209180385,46589209250214,46589216878676,ACCEPTED
83:26:1,NEW,46589221366629,46589221884247,46589221959645,46589228853671,ACCEPTED
80:26:2,CANCEL,46589233866629,46589234140032,46589234225104,46589241426519,CANCELED
81:26:2,CANCEL,46589246366629,46589246886585,46589246961306,46589254546399,CANCELED
82:26:2,CANCEL,46589258866629,46589259452880,46589259544058,46589268068020,CANCELED
83:26:2,CANCEL,46589271366629,46589271944140,46589272061961,46589280176760,CANCELED
80:27:1,NEW,46589283866629,46589284805688,46589284874477,46589293495496,ACCEPTED
81:27:1,NEW,46589296366629,46589296463809,46589296531974,46589309526721,ACCEPTED
82:27:1,NEW,46589308866629,46589309596490,46589309629843,46589319231358,ACCEPTED
83:27:1,NEW,46589321366629,46589322178163,46589322238722,46589331447740,ACCEPTED
80:27:2,CANCEL,46589333866629,46589334037367,46589334094447,46589342437430,CANCELED
81:27:2,CANCEL,46589346366629,46589346557443,46589346636998,46589356065135,CANCELED
82:27:2,CANCEL,46589358866629,46589359155410,46589359225268,46589368563516,CANCELED
83:27:2,CANCEL,46589371366629,46589372030775,46589372104215,46589381970571,CANCELED
80:28:1,NEW,46589383866629,46589385328006,46589385398613,46589396155921,ACCEPTED
81:28:1,NEW,46589396366629,46589398747009,46589398816669,46589408505462,ACCEPTED
82:28:1,NEW,46589408866629,46589410471958,46589410547253,46589420996173,ACCEPTED
83:28:1,NEW,46589421366629,46589422363689,46589422428435,46589434423636,ACCEPTED
80:28:2,CANCEL,46589433866629,46589434514741,46589434556885,46589445155998,CANCELED
81:28:2,CANCEL,46589446366629,46589448155839,46589448223774,46589459112606,CANCELED
82:28:2,CANCEL,46589458866629,46589459203076,46589459251371,46589469512011,CANCELED
83:28:2,CANCEL,46589471366629,46589473564050,46589473627167,46589488896393,CANCELED
80:29:1,NEW,46589483866629,46589485303913,46589485360333,46589493928756,ACCEPTED
81:29:1,NEW,46589496366629,46589496913789,46589496973551,46589506992091,ACCEPTED
82:29:1,NEW,46589508866629,46589509520305,46589509593576,46589523067480,ACCEPTED
83:29:1,NEW,46589521366629,46589522097467,46589522159059,46589535088095,ACCEPTED
80:29:2,CANCEL,46589533866629,46589535173209,46589535229017,46589545171259,CANCELED
81:29:2,CANCEL,46589546366629,46589546484221,46589546552556,46589556727233,CANCELED
82:29:2,CANCEL,46589558866629,46589560733548,46589560802232,46589570852410,CANCELED
83:29:2,CANCEL,46589571366629,46589572166871,46589572246190,46589582148205,CANCELED
80:30:1,NEW,46589583866629,46589584696033,46589584771117,46589595177873,ACCEPTED
81:30:1,NEW,46589596366629,46589596955753,46589597072951,46589607189284,ACCEPTED
82:30:1,NEW,46589608866629,46589610104444,46589610175493,46589628826376,ACCEPTED
83:30:1,NEW,46589621366629,46589621636096,46589621715733,46589648567719,ACCEPTED
80:30:2,CANCEL,46589633866629,46589636821030,46589636893002,46589667177590,CANCELED
81:30:2,CANCEL,46589646366629,46589648342573,46589648423693,46589679760216,CANCELED
82:30:2,CANCEL,46589658866629,46589659254538,46589659579571,46589691561055,CANCELED
83:30:2,CANCEL,46589671366629,46589672782660,46589672844257,46589696930789,CANCELED
80:31:1,NEW,46589683866629,46589684674899,46589684749690,46589706945473,ACCEPTED
81:31:1,NEW,46589696366629,46589696951533,46589697110125,46589715959107,ACCEPTED
82:31:1,NEW,46589708866629,46589709932781,46589710297421,46589722214639,ACCEPTED
83:31:1,NEW,46589721366629,46589722299814,46589722352706,46589732050848,ACCEPTED
80:31:2,CANCEL,46589733866629,46589734472453,46589734557539,46589744384480,CANCELED
81:31:2,CANCEL,46589746366629,46589747555284,46589747627481,46589757747734,CANCELED
82:31:2,CANCEL,46589758866629,46589759233345,46589759408342,46589770223905,CANCELED
83:31:2,CANCEL,46589771366629,46589771517321,46589771593306,46589781849002,CANCELED
80:32:1,NEW,46589783866629,46589784351677,46589784424144,46589795477719,ACCEPTED
81:32:1,NEW,46589796366629,46589797720520,46589797795417,46589815201963,ACCEPTED
82:32:1,NEW,46589808866629,46589809943437,46589810084150,46589822919585,ACCEPTED
83:32:1,NEW,46589821366629,46589822998828,46589823850713,46589840697737,ACCEPTED
80:32:2,CANCEL,46589833866629,46589834024292,46589834100712,46589846611294,CANCELED
81:32:2,CANCEL,46589846366629,46589846690246,46589846745112,46589864733165,CANCELED
82:32:2,CANCEL,46589858866629,46589859649685,46589859720725,46589882137757,CANCELED
83:32:2,CANCEL,46589871366629,46589872699354,46589872814463,46589914954466,CANCELED
80:33:1,NEW,46589883866629,46589885707755,46589885783515,46589921309541,ACCEPTED
81:33:1,NEW,46589896366629,46589896614956,46589896693270,46589955327120,ACCEPTED
82:33:1,NEW,46589908866629,46589909205158,46589909284530,46589959343184,ACCEPTED
83:33:1,NEW,46589921366629,46589922511169,46589922626587,46589959369928,ACCEPTED
80:33:2,CANCEL,46589933866629,46589934251395,46589934331230,46589992356601,CANCELED
81:33:2,CANCEL,46589946366629,46589947343730,46589947435097,46589995975600,CANCELED
82:33:2,CANCEL,46589958866629,46589959507213,46589959590589,46590084877209,CANCELED
83:33:2,CANCEL,46589971366629,46589971764079,46589972610431,46590091221486,CANCELED
80:34:1,NEW,46589983866629,46589984377121,46589984462657,46590036374359,ACCEPTED
81:34:1,NEW,46589996366629,46589998191372,46589998258549,46590133187981,ACCEPTED
82:34:1,NEW,46590008866629,46590009470380,46590009543990,46590136233045,ACCEPTED
83:34:1,NEW,46590021366629,46590021712469,46590021813254,46590139178409,ACCEPTED
80:34:2,CANCEL,46590033866629,46590035526169,46590035597256,46590143654504,CANCELED
81:34:2,CANCEL,46590046366629,46590047509383,46590047571404,46590151708993,CANCELED
82:34:2,CANCEL,46590058866629,46590059960712,46590060112529,46590154929972,CANCELED
83:34:2,CANCEL,46590071366629,46590075260315,46590075581154,46590154985442,CANCELED
80:35:1,NEW,46590083866629,46590084956020,46590085072128,46590155078667,ACCEPTED
81:35:1,NEW,46590096366629,46590097298231,46590097359478,46590165913263,ACCEPTED
82:35:1,NEW,46590108866629,46590110295363,46590110381892,46590175408516,ACCEPTED
83:35:1,NEW,46590121366629,46590121592310,46590121677741,46590181499231,ACCEPTED
80:35:2,CANCEL,46590133866629,46590134744591,46590134820125,46590232995543,CANCELED
81:35:2,CANCEL,46590146366629,46590146448335,46590146502175,46590233103984,CANCELED
82:35:2,CANCEL,46590158866629,46590159760813,46590159831446,46590233124907,CANCELED
83:35:2,CANCEL,46590171366629,46590171468635,46590171572767,46590243377114,CANCELED
80:36:1,NEW,46590183866629,46590184626730,46590184692595,46590290394307,ACCEPTED
81:36:1,NEW,46590196366629,46590196665579,46590196746300,46590295331680,ACCEPTED
82:36:1,NEW,46590208866629,46590209191236,46590209310631,46590295360135,ACCEPTED
83:36:1,NEW,46590221366629,46590223161109,46590223238236,46590346282827,ACCEPTED
80:36:2,CANCEL,46590233866629,46590234659228,46590234727307,46590341853132,CANCELED
81:36:2,CANCEL,46590246366629,46590246895274,46590246967017,46590346236728,CANCELED
82:36:2,CANCEL,46590258866629,46590259777889,46590259851353,46590346267064,CANCELED
83:36:2,CANCEL,46590271366629,46590273720433,46590273867226,46590428906036,CANCELED
80:37:1,NEW,46590283866629,46590284119007,46590284192746,46590394811125,ACCEPTED
81:37:1,NEW,46590296366629,46590296894560,46590296963636,46590399185314,ACCEPTED
82:37:1,NEW,46590308866629,46590309142752,46590309209930,46590432355146,ACCEPTED
83:37:1,NEW,46590321366629,46590322957901,46590323107203,46590432818954,ACCEPTED
80:37:2,CANCEL,46590333866629,46590336065948,46590336122362,46590441651904,CANCELED
81:37:2,CANCEL,46590346366629,46590348145319,46590348230543,46590452399653,CANCELED
82:37:2,CANCEL,46590358866629,46590359171778,46590359320128,46590465322864,CANCELED
83:37:2,CANCEL,46590371366629,46590372606111,46590372701639,46590513484041,CANCELED
80:38:1,NEW,46590383866629,46590384772740,46590384871039,46590503927044,ACCEPTED
81:38:1,NEW,46590396366629,46590398356808,46590398468110,46590507729547,ACCEPTED
82:38:1,NEW,46590408866629,46590409665499,46590409746196,46590518628606,ACCEPTED
83:38:1,NEW,46590421366629,46590422304680,46590422463153,46590585109780,ACCEPTED
80:38:2,CANCEL,46590433866629,46590434188902,46590434244364,46590550807526,CANCELED
81:38:2,CANCEL,46590446366629,46590447117195,46590447192014,46590573358214,CANCELED
82:38:2,CANCEL,46590458866629,46590460822567,46590460908906,46590627596679,CANCELED
83:38:2,CANCEL,46590471366629,46590472225210,46590472293051,46590631915931,CANCELED
80:39:1,NEW,46590483866629,46590484287340,46590484383525,46590590920093,ACCEPTED
81:39:1,NEW,46590496366629,46590497171707,46590497259277,46590647282366,ACCEPTED
82:39:1,NEW,46590508866629,46590509103293,46590509178321,46590647352122,ACCEPTED
83:39:1,NEW,46590521366629,46590521890809,46590521975269,46590647385864,ACCEPTED
80:39:2,CANCEL,46590533866629,46590534681058,46590534786375,46590637909166,CANCELED
81:39:2,CANCEL,46590546366629,46590547122725,46590547213446,46590666835051,CANCELED
82:39:2,CANCEL,46590558866629,46590560184366,46590560286788,46590678259167,CANCELED
83:39:2,CANCEL,46590571366629,46590571702323,46590571791832,46590944784796,CANCELED
80:40:1,NEW,46590583866629,46590585393462,46590585480984,46590835660684,ACCEPTED
81:40:1,NEW,46590596366629,46590597279979,46590597379040,46590894021234,ACCEPTED
82:40:1,NEW,46590608866629,46590609886757,46590609998383,46590914467029,ACCEPTED
83:40:1,NEW,46590621366629,46590622975145,46590623737758,46590944801534,ACCEPTED
80:40:2,CANCEL,46590633866629,46590634777175,46590634877596,46590835678118,CANCELED
81:40:2,CANCEL,46590646366629,46590647467017,46590647502970,46590894038825,CANCELED
82:40:2,CANCEL,46590658866629,46590660201556,46590660275495,46590914483690,CANCELED
83:40:2,CANCEL,46590671366629,46590673143228,46590673220877,46590944807996,CANCELED
80:41:1,NEW,46590683866629,46590684687583,46590684756269,46590954470630,ACCEPTED
81:41:1,NEW,46590696366629,46590697038338,46590697145015,46590957560531,ACCEPTED
82:41:1,NEW,46590708866629,46590709216482,46590709301020,46590993628561,ACCEPTED
83:41:1,NEW,46590721366629,46590722444820,46590722513617,46590997725182,ACCEPTED
80:41:2,CANCEL,46590733866629,46590734964291,46590735089680,46590954490716,CANCELED
81:41:2,CANCEL,46590746366629,46590746615372,46590746683273,46590957575847,CANCELED
82:41:2,CANCEL,46590758866629,46590759493827,46590759553958,46590993647356,CANCELED
83:41:2,CANCEL,46590771366629,46590773494921,46590773564109,46590997739013,CANCELED
80:42:1,NEW,46590783866629,46590785040393,46590785106474,46591002290480,ACCEPTED
81:42:1,NEW,46590796366629,46590797338827,46590797406409,46591006139736,ACCEPTED
82:42:1,NEW,46590808866629,46590811155510,46590811229654,46590993655155,ACCEPTED
83:42:1,NEW,46590821366629,46590822171334,46590822245558,46591049864162,ACCEPTED
80:42:2,CANCEL,46590833866629,46590835415504,46590835478612,46591053856745,CANCELED
81:42:2,CANCEL,46590846366629,46590846702273,46590846766510,46591059166284,CANCELED
82:42:2,CANCEL,46590858866629,46590859342300,46590859398920,46591090487777,CANCELED
83:42:2,CANCEL,46590871366629,46590873072495,46590873160318,46591178236798,CANCELED
80:43:1,NEW,46590883866629,46590885137419,46590885202841,46591053872798,ACCEPTED
81:43:1,NEW,46590896366629,46590896677716,46590896765281,46591059184022,ACCEPTED
82:43:1,NEW,46590908866629,46590909271345,46590909329623,46591156591750,ACCEPTED
83:43:1,NEW,46590921366629,46590922284792,46590922422493,46591343833182,ACCEPTED
80:43:2,CANCEL,46590933866629,46590934612033,46590934700075,46591238696787,CANCELED
81:43:2,CANCEL,46590946366629,46590947807032,46590947886449,46591246200174,CANCELED
82:43:2,CANCEL,46590958866629,46590958972169,46590959126697,46591328634343,CANCELED
83:43:2,CANCEL,46590971366629,46590972338899,46590972374601,46591343851214,CANCELED
80:44:1,NEW,46590983866629,46590984403637,46590984474401,46591238715146,ACCEPTED
81:44:1,NEW,46590996366629,46590997824807,46590997920931,46591246462121,ACCEPTED
82:44:1,NEW,46591008866629,46591009314921,46591009388811,46591328654546,ACCEPTED
83:44:1,NEW,46591021366629,46591022816507,46591022886927,46591343857887,ACCEPTED
80:44:2,CANCEL,46591033866629,46591035207028,46591035277435,46591238723910,CANCELED
81:44:2,CANCEL,46591046366629,46591046678930,46591046766674,46591246470541,CANCELED
82:44:2,CANCEL,46591058866629,46591059277154,46591059329655,46591367447188,CANCELED
83:44:2,CANCEL,46591071366629,46591072397203,46591072468694,46591370227284,CANCELED
80:45:1,NEW,46591083866629,46591087154834,46591087233400,46591352571453,ACCEPTED
81:45:1,NEW,46591096366629,46591097625014,46591097697529,46591362669292,ACCEPTED
82:45:1,NEW,46591108866629,46591112341511,46591112408795,46591367461820,ACCEPTED
83:45:1,NEW,46591121366629,46591121810697,46591121886348,46591554325855,ACCEPTED
80:45:2,CANCEL,46591133866629,46591134705881,46591134769911,46591352585088,CANCELED
81:45:2,CANCEL,46591146366629,46591148230687,46591148300584,46591362686106,CANCELED
82:45:2,CANCEL,46591158866629,46591159348590,46591159419892,46591384182071,CANCELED
83:45:2,CANCEL,46591171366629,46591172190195,46591172258290,46591554343554,CANCELED
80:46:1,NEW,46591183866629,46591184111762,46591184183830,46591564818026,ACCEPTED
81:46:1,NEW,46591196366629,46591196762704,46591196834752,46591514336818,ACCEPTED
82:46:1,NEW,46591208866629,46591209025273,46591209097998,46591572917752,ACCEPTED
83:46:1,NEW,46591221366629,46591222795741,46591222880159,46591554351658,ACCEPTED
80:46:2,CANCEL,46591233866629,46591234780281,46591234850106,46591564840624,CANCELED
81:46:2,CANCEL,46591246366629,46591246547416,46591246626820,46591569846526,CANCELED
82:46:2,CANCEL,46591258866629,46591259463184,46591259536758,46591573255090,CANCELED
83:46:2,CANCEL,46591271366629,46591271525480,46591271614656,46591576773028,CANCELED
80:47:1,NEW,46591283866629,46591285325750,46591285393569,46591621952451,ACCEPTED
81:47:1,NEW,46591296366629,46591296884529,46591296999639,46591569863428,ACCEPTED
82:47:1,NEW,46591308866629,46591309637074,46591309701573,46591573266695,ACCEPTED
83:47:1,NEW,46591321366629,46591321597024,46591321653656,46591621991113,ACCEPTED
80:47:2,CANCEL,46591333866629,46591334386411,46591334468940,46591621971391,CANCELED
81:47:2,CANCEL,46591346366629,46591346511840,46591346592091,46591725542846,CANCELED
82:47:2,CANCEL,46591358866629,46591359883783,46591359969079,46591735296535,CANCELED
83:47:2,CANCEL,46591371366629,46591371654980,46591371719245,46591777473630,CANCELED
80:48:1,NEW,46591383866629,46591384269827,46591384314942,46591692500974,ACCEPTED
81:48:1,NEW,46591396366629,46591397431642,46591398167284,46591725561285,ACCEPTED
82:48:1,NEW,46591408866629,46591409698057,46591409771261,46591735313885,ACCEPTED
83:48:1,NEW,46591421366629,46591421637157,46591421705455,46591855632619,ACCEPTED
80:48:2,CANCEL,46591433866629,46591434659715,46591434731599,46591811794290,CANCELED
81:48:2,CANCEL,46591446366629,46591448316111,46591448389421,46591819615321,CANCELED
82:48:2,CANCEL,46591458866629,46591459295767,46591459376118,46591828914251,CANCELED
83:48:2,CANCEL,46591471366629,46591472092613,46591472162318,46591855648845,CANCELED
80:49:1,NEW,46591483866629,46591485170574,46591485238882,46591811811398,ACCEPTED
81:49:1,NEW,46591496366629,46591497530519,46591497594128,46591819631153,ACCEPTED
82:49:1,NEW,46591508866629,46591509462516,46591509534487,46591828929849,ACCEPTED
83:49:1,NEW,46591521366629,46591522749208,46591522827156,46591855656652,ACCEPTED
80:49:2,CANCEL,46591533866629,46591536976485,46591537085419,46591811819197,CANCELED
81:49:2,CANCEL,46591546366629,46591547135269,46591547209527,46591969101883,CANCELED
82:49:2,CANCEL,46591558866629,46591559501482,46591559574228,46591982133756,CANCELED
83:49:2,CANCEL,46591571366629,46591571827328,46591571897796,46592134437104,CANCELED
80:50:1,NEW,46591583866629,46591584188914,46591584259304,46591896606662,ACCEPTED
81:50:1,NEW,46591596366629,46591597793841,46591597864757,46591969124299,ACCEPTED
82:50:1,NEW,46591608866629,46591610166391,46591610239378,46591982148787,ACCEPTED
83:50:1,NEW,46591621366629,46591622105565,46591622340465,46592306176530,ACCEPTED
80:50:2,CANCEL,46591633866629,46591633970045,46591634091752,46592159685989,CANCELED
81:50:2,CANCEL,46591646366629,46591647775724,46591647958087,46592269305001,CANCELED
82:50:2,CANCEL,46591658866629,46591660248456,46591660323295,46592290937696,CANCELED
83:50:2,CANCEL,46591671366629,46591672516629,46591672581466,46592306191960,CANCELED
80:51:1,NEW,46591683866629,46591684306611,46591684380132,46592159701560,ACCEPTED
81:51:1,NEW,46591696366629,46591697468717,46591697529035,46592269323844,ACCEPTED
82:51:1,NEW,46591708866629,46591709605120,46591709683204,46592291185821,ACCEPTED
83:51:1,NEW,46591721366629,46591721656584,46591721724096,46592306199463,ACCEPTED
80:51:2,CANCEL,46591733866629,46591735394016,46591735452305,46592159708391,CANCELED
81:51:2,CANCEL,46591746366629,46591746850648,46591746931253,46592269332182,CANCELED
82:51:2,CANCEL,46591758866629,46591759390607,46591759474391,46592291204309,CANCELED
83:51:2,CANCEL,46591771366629,46591773199092,46591773268141,46592306205786,CANCELED
80:52:1,NEW,46591783866629,46591785273605,46591785341928,46592159715445,ACCEPTED
81:52:1,NEW,46591796366629,46591797551697,46591797615954,46592269338452,ACCEPTED
82:52:1,NEW,46591808866629,46591809240358,46591809309832,46592291212258,ACCEPTED
83:52:1,NEW,46591821366629,46591821971529,46591822136099,46592306211250,ACCEPTED
80:52:2,CANCEL,46591833866629,46591836193097,46591836261433,46592315488575,CANCELED
81:52:2,CANCEL,46591846366629,46591847338239,46591847408609,46592321917278,CANCELED
82:52:2,CANCEL,46591858866629,46591859107682,46591859177039,46592324937957,CANCELED
83:52:2,CANCEL,46591871366629,46591872777194,46591872842287,46592306217222,CANCELED
80:53:1,NEW,46591883866629,46591885101564,46591885176021,46592315504313,ACCEPTED
81:53:1,NEW,46591896366629,46591896921456,46591896982145,46592321931714,ACCEPTED
82:53:1,NEW,46591908866629,46591909742681,46591909816176,46592324952541,ACCEPTED
83:53:1,NEW,46591921366629,46591921634654,46591921708087,46592364844318,ACCEPTED
80:53:2,CANCEL,46591933866629,46591934900863,46591934955027,46592315512170,CANCELED
81:53:2,CANCEL,46591946366629,46591947077677,46591947142386,46592321939512,CANCELED
82:53:2,CANCEL,46591958866629,46591960650279,46591960726625,46592324960447,CANCELED
83:53:2,CANCEL,46591971366629,46591972115307,46591972191772,46592364860794,CANCELED
80:54:1,NEW,46591983866629,46591985543090,46591985612398,46592383529785,ACCEPTED
81:54:1,NEW,46591996366629,46591996704568,46591996778093,46592428395571,ACCEPTED
82:54:1,NEW,46592008866629,46592009539899,46592009611104,46592324967039,ACCEPTED
83:54:1,NEW,46592021366629,46592021546663,46592021611626,46592364868522,ACCEPTED
80:54:2,CANCEL,46592033866629,46592034624943,46592034690803,46592422585649,CANCELED
81:54:2,CANCEL,46592046366629,46592046582940,46592046653723,46592433702526,CANCELED
82:54:2,CANCEL,46592058866629,46592059467136,46592059539018,46592324973505,CANCELED
83:54:2,CANCEL,46592071366629,46592074176015,46592074242055,46592368882022,CANCELED
80:55:1,NEW,46592083866629,46592085597122,46592085668049,46592422603812,ACCEPTED
81:55:1,NEW,46592096366629,46592097618037,46592097718959,46592441765430,ACCEPTED
82:55:1,NEW,46592108866629,46592109232035,46592109300272,46592361863283,ACCEPTED
83:55:1,NEW,46592121366629,46592123079436,46592123227307,46592378238961,ACCEPTED
80:55:2,CANCEL,46592133866629,46592134297351,46592134376646,46592422612293,CANCELED
81:55:2,CANCEL,46592146366629,46592147445138,46592147521303,46592446550136,CANCELED
82:55:2,CANCEL,46592158866629,46592159532921,46592159605707,46592468826871,CANCELED
83:55:2,CANCEL,46592171366629,46592172660159,46592172801796,46592495174537,CANCELED
80:56:1,NEW,46592183866629,46592184158957,46592184226015,46592422618355,ACCEPTED
81:56:1,NEW,46592196366629,46592197732097,46592197801054,46592457561550,ACCEPTED
82:56:1,NEW,46592208866629,46592209391601,46592209456730,46592476819212,ACCEPTED
83:56:1,NEW,46592221366629,46592222446672,46592222519101,46592503482790,ACCEPTED
80:56:2,CANCEL,46592233866629,46592236141949,46592236193121,46592422624472,CANCELED
81:56:2,CANCEL,46592246366629,46592246618119,46592246713021,46592462636279,CANCELED
82:56:2,CANCEL,46592258866629,46592260266101,46592260380543,46592483350320,CANCELED
83:56:2,CANCEL,46592271366629,46592271992858,46592272090294,46592508352612,CANCELED
80:57:1,NEW,46592283866629,46592284766715,46592284832446,46592520147687,ACCEPTED
81:57:1,NEW,46592296366629,46592297436399,46592297515747,46592531478921,ACCEPTED
82:57:1,NEW,46592308866629,46592309375175,46592309734617,46592555974975,ACCEPTED
83:57:1,NEW,46592321366629,46592321538334,46592321606252,46592556052547,ACCEPTED
80:57:2,CANCEL,46592333866629,46592334774024,46592334908811,46592558269651,CANCELED
81:57:2,CANCEL,46592346366629,46592347365701,46592347466698,46592699533264,CANCELED
82:57:2,CANCEL,46592358866629,46592359184129,46592359271006,46592741950820,CANCELED
83:57:2,CANCEL,46592371366629,46592373272051,46592373360519,46592754604586,CANCELED
80:58:1,NEW,46592383866629,46592385376163,46592385457879,46592654231043,ACCEPTED
81:58:1,NEW,46592396366629,46592396897587,46592396967746,46592699793414,ACCEPTED
82:58:1,NEW,46592408866629,46592409617163,46592409747695,46592741970146,ACCEPTED
83:58:1,NEW,46592421366629,46592422704696,46592422756642,46592754624349,ACCEPTED
80:58:2,CANCEL,46592433866629,46592435567319,46592435659651,46592654248698,CANCELED
81:58:2,CANCEL,46592446366629,46592446630767,46592446663332,46592699807070,CANCELED
82:58:2,CANCEL,46592458866629,46592459202037,46592459283822,46592741977939,CANCELED
83:58:2,CANCEL,46592471366629,46592471514964,46592471630331,46592754631973,CANCELED
80:59:1,NEW,46592483866629,46592484808859,46592484871027,46592781081963,ACCEPTED
81:59:1,NEW,46592496366629,46592497166852,46592497245429,46592799566347,ACCEPTED
82:59:1,NEW,46592508866629,46592509906461,46592509984453,46592807666107,ACCEPTED
83:59:1,NEW,46592521366629,46592521564730,46592521710902,46592855227209,ACCEPTED
80:59:2,CANCEL,46592533866629,46592534871495,46592534980132,46592781101484,CANCELED
81:59:2,CANCEL,46592546366629,46592547582222,46592547677690,46592799595177,CANCELED
82:59:2,CANCEL,46592558866629,46592559546823,46592559607894,46592807682169,CANCELED
83:59:2,CANCEL,46592571366629,46592572629730,46592572716124,46592855243171,CANCELED
80:60:1,NEW,46592583866629,46592584783043,46592584887592,46592860688030,ACCEPTED
81:60:1,NEW,46592596366629,46592596628193,46592597497210,46592863743189,ACCEPTED
82:60:1,NEW,46592608866629,46592609813732,46592609883294,46592807690328,ACCEPTED
83:60:1,NEW,46592621366629,46592622887708,46592623260351,46592855251283,ACCEPTED
80:60:2,CANCEL,46592633866629,46592634349958,46592634466788,46592860705126,CANCELED
81:60:2,CANCEL,46592646366629,46592647704327,46592647894797,46592863759592,CANCELED
82:60:2,CANCEL,46592658866629,46592659202696,46592659276524,46592919083751,CANCELED
83:60:2,CANCEL,46592671366629,46592672254123,46592672310454,46593081451780,CANCELED
80:61:1,NEW,46592683866629,46592684111106,46592684185515,46592860713008,ACCEPTED
81:61:1,NEW,46592696366629,46592697983586,46592698132868,46592913428886,ACCEPTED
82:61:1,NEW,46592708866629,46592709953600,46592710067168,46592919103034,ACCEPTED
83:61:1,NEW,46592721366629,46592721568924,46592721648622,46593081471099,ACCEPTED
80:61:2,CANCEL,46592733866629,46592735213433,46592735280344,46592985078195,CANCELED
81:61:2,CANCEL,46592746366629,46592747826387,46592747896250,46593098168487,CANCELED
82:61:2,CANCEL,46592758866629,46592759210711,46592759305774,46593073624692,CANCELED
83:61:2,CANCEL,46592771366629,46592772764182,46592772855850,46593081478977,CANCELED
80:62:1,NEW,46592783866629,46592784215282,46592784290570,46593090145079,ACCEPTED
81:62:1,NEW,46592796366629,46592796888586,46592796962676,46593098184080,ACCEPTED
82:62:1,NEW,46592808866629,46592809184177,46592809252864,46593101858189,ACCEPTED
83:62:1,NEW,46592821366629,46592822955109,46592823147312,46593101916918,ACCEPTED
80:62:2,CANCEL,46592833866629,46592834461609,46592834527412,46593090162205,CANCELED
81:62:2,CANCEL,46592846366629,46592847646275,46592847714108,46593098191188,CANCELED
82:62:2,CANCEL,46592858866629,46592859186041,46592859259620,46593110334654,CANCELED
83:62:2,CANCEL,46592871366629,46592872529301,46592872600464,46593147948712,CANCELED
80:63:1,NEW,46592883866629,46592884165307,46592884239206,46593142476896,ACCEPTED
81:63:1,NEW,46592896366629,46592897726816,46592897895510,46593157777291,ACCEPTED
82:63:1,NEW,46592908866629,46592909094401,46592909161403,46593170506653,ACCEPTED
83:63:1,NEW,46592921366629,46592922203494,46592922284600,46593209285303,ACCEPTED
80:63:2,CANCEL,46592933866629,46592934464782,46592935334419,46593254350417,CANCELED
81:63:2,CANCEL,46592946366629,46592946524263,46592946699651,46593254375559,CANCELED
82:63:2,CANCEL,46592958866629,46592960899880,46592960987028,46593209259544,CANCELED
83:63:2,CANCEL,46592971366629,46592971798559,46592971871208,46593231462500,CANCELED
80:64:1,NEW,46592983866629,46592985174505,46592985239107,46593259211026,ACCEPTED
81:64:1,NEW,46592996366629,46592997883832,46592997970018,46593272341882,ACCEPTED
82:64:1,NEW,46593008866629,46593009040035,46593009110282,46593402492174,ACCEPTED
83:64:1,NEW,46593021366629,46593022616915,46593022691385,46593402529667,ACCEPTED
80:64:2,CANCEL,46593033866629,46593034670698,46593034742427,46593395450053,CANCELED
81:64:2,CANCEL,46593046366629,46593046832343,46593047504431,46593283324066,CANCELED
82:64:2,CANCEL,46593058866629,46593060467057,46593060539737,46593402506903,CANCELED
83:64:2,CANCEL,46593071366629,46593071665790,46593071733745,46593402535201,CANCELED
80:65:1,NEW,46593083866629,46593084250204,46593084324234,46593395471204,ACCEPTED
81:65:1,NEW,46593096366629,46593096497762,46593096568784,46593399124524,ACCEPTED
82:65:1,NEW,46593108866629,46593110209250,46593110271823,46593402514182,ACCEPTED
83:65:1,NEW,46593121366629,46593121573080,46593121645384,46593402540403,ACCEPTED
80:65:2,CANCEL,46593133866629,46593135355176,46593135721966,46593406628718,CANCELED
81:65:2,CANCEL,46593146366629,46593148095989,46593148166953,46593496501714,CANCELED
82:65:2,CANCEL,46593158866629,46593159938385,46593160039425,46593504197364,CANCELED
83:65:2,CANCEL,46593171366629,46593171829206,46593171904806,46593504257141,CANCELED
80:66:1,NEW,46593183866629,46593184287082,46593184367380,46593486991610,ACCEPTED
81:66:1,NEW,46593196366629,46593196721976,46593196799212,46593496522729,ACCEPTED
82:66:1,NEW,46593208866629,46593209362042,46593209427070,46593504224281,ACCEPTED
83:66:1,NEW,46593221366629,46593221517750,46593221617088,46593507223209,ACCEPTED
80:66:2,CANCEL,46593233866629,46593234451171,46593234522307,46593527986817,CANCELED
81:66:2,CANCEL,46593246366629,46593246600821,46593246678336,46593534295734,CANCELED
82:66:2,CANCEL,46593258866629,46593259294349,46593259361940,46593545600058,CANCELED
83:66:2,CANCEL,46593271366629,46593272507277,46593272559400,46593559548799,CANCELED
80:67:1,NEW,46593283866629,46593284630469,46593284698578,46593569805056,ACCEPTED
81:67:1,NEW,46593296366629,46593297122572,46593297212038,46593596946126,ACCEPTED
82:67:1,NEW,46593308866629,46593309324391,46593309410438,46593628879283,ACCEPTED
83:67:1,NEW,46593321366629,46593321947594,46593322161613,46593691295741,ACCEPTED
80:67:2,CANCEL,46593333866629,46593335174897,46593335495234,46593582295830,CANCELED
81:67:2,CANCEL,46593346366629,46593346813714,46593346894162,46593612212085,CANCELED
82:67:2,CANCEL,46593358866629,46593359598304,46593359668248,46593657151542,CANCELED
83:67:2,CANCEL,46593371366629,46593371906069,46593371999228,46593691315322,CANCELED
80:68:1,NEW,46593383866629,46593384575594,46593384658236,46593695218219,ACCEPTED
81:68:1,NEW,46593396366629,46593396936107,46593397242614,46593708880875,ACCEPTED
82:68:1,NEW,46593408866629,46593410122586,46593410190696,46593734183678,ACCEPTED
83:68:1,NEW,46593421366629,46593422659622,46593422732787,46593781240968,ACCEPTED
80:68:2,CANCEL,46593433866629,46593434345138,46593434611936,46593784090917,CANCELED
81:68:2,CANCEL,46593446366629,46593447079038,46593447150814,46593781213724,CANCELED
82:68:2,CANCEL,46593458866629,46593459507091,46593459579109,46593742226212,CANCELED
83:68:2,CANCEL,46593471366629,46593472103384,46593472174515,46593781248864,CANCELED
80:69:1,NEW,46593483866629,46593484047666,46593484120239,46593808770100,ACCEPTED
81:69:1,NEW,46593496366629,46593496603518,46593496643639,46593816902897,ACCEPTED
82:69:1,NEW,46593508866629,46593510163041,46593510241679,46593830207164,ACCEPTED
83:69:1,NEW,46593521366629,46593522492474,46593522577546,46593845995115,ACCEPTED
80:69:2,CANCEL,46593533866629,46593534382016,46593534435691,46593905068458,CANCELED
81:69:2,CANCEL,46593546366629,46593548206267,46593548271525,46593909528946,CANCELED
82:69:2,CANCEL,46593558866629,46593559632361,46593559686072,46593918320387,CANCELED
83:69:2,CANCEL,46593571366629,46593571919156,46593572107972,46593924573782,CANCELED
80:70:1,NEW,46593583866629,46593584362827,46593584976675,46593905337011,ACCEPTED
81:70:1,NEW,46593596366629,46593597066032,46593597136533,46593930452910,ACCEPTED
82:70:1,NEW,46593608866629,46593612293128,46593612333927,46594124833029,ACCEPTED
83:70:1,NEW,46593621366629,46593621995287,46593622196474,46594134792854,ACCEPTED
80:70:2,CANCEL,46593633866629,46593634869547,46593634940089,46594066765150,CANCELED
81:70:2,CANCEL,46593646366629,46593647608257,46593647698905,46594072281597,CANCELED
82:70:2,CANCEL,46593658866629,46593660472471,46593660541772,46594124852554,CANCELED
83:70:2,CANCEL,46593671366629,46593672282637,46593672404554,46594134809263,CANCELED
80:71:1,NEW,46593683866629,46593684225706,46593684313844,46594066785284,ACCEPTED
81:71:1,NEW,46593696366629,46593698246961,46593698327197,46594072377526,ACCEPTED
82:71:1,NEW,46593708866629,46593708966330,46593709053265,46594124861697,ACCEPTED
83:71:1,NEW,46593721366629,46593722792931,46593722884131,46594134817620,ACCEPTED
80:71:2,CANCEL,46593733866629,46593734263616,46593734316009,46594149510749,CANCELED
81:71:2,CANCEL,46593746366629,46593747252246,46593747321549,46594157686932,CANCELED
82:71:2,CANCEL,46593758866629,46593759393427,46593759474830,46594223395804,CANCELED
83:71:2,CANCEL,46593771366629,46593771514949,46593771582965,46594284563426,CANCELED
80:72:1,NEW,46593783866629,46593784368796,46593784436281,46594149526383,ACCEPTED
81:72:1,NEW,46593796366629,46593797256930,46593797338559,46594320448706,ACCEPTED
82:72:1,NEW,46593808866629,46593810500927,46593810572447,46594333331983,ACCEPTED
83:72:1,NEW,46593821366629,46593823134828,46593823214571,46594337282175,ACCEPTED
80:72:2,CANCEL,46593833866629,46593835336150,46593835528366,46594300867755,CANCELED
81:72:2,CANCEL,46593846366629,46593847373962,46593847489604,46594320463920,CANCELED
82:72:2,CANCEL,46593858866629,46593859049027,46593859574487,46594333347801,CANCELED
83:72:2,CANCEL,46593871366629,46593872564866,46593872786011,46594337297557,CANCELED
80:73:1,NEW,46593883866629,46593885398162,46593885479276,46594300884533,ACCEPTED
81:73:1,NEW,46593896366629,46593897543508,46593897641170,46594320471831,ACCEPTED
82:73:1,NEW,46593908866629,46593909803896,46593909868589,46594333355789,ACCEPTED
83:73:1,NEW,46593921366629,46593923211825,46593923295767,46594337305803,ACCEPTED
80:73:2,CANCEL,46593933866629,46593934419367,46593934504238,46594342159046,CANCELED
81:73:2,CANCEL,46593946366629,46593947525526,46593947605949,46594370066488,CANCELED
82:73:2,CANCEL,46593958866629,46593959071973,46593959139964,46594416685257,CANCELED
83:73:2,CANCEL,46593971366629,46593972636575,46593972709986,46594424966988,CANCELED
80:74:1,NEW,46593983866629,46593984091249,46593984177527,46594366455120,ACCEPTED
81:74:1,NEW,46593996366629,46593997921619,46593998000136,46594409137470,ACCEPTED
82:74:1,NEW,46594008866629,46594009334815,46594009409136,46594416747381,ACCEPTED
83:74:1,NEW,46594021366629,46594023891278,46594023952552,46594430229022,ACCEPTED
80:74:2,CANCEL,46594033866629,46594034732822,46594034814499,46594429824605,CANCELED
81:74:2,CANCEL,46594046366629,46594047279285,46594047353939,46594430168025,CANCELED
82:74:2,CANCEL,46594058866629,46594059650909,46594059971956,46594449936395,CANCELED
83:74:2,CANCEL,46594071366629,46594071802127,46594071872671,46594471224392,CANCELED
80:75:1,NEW,46594083866629,46594085730684,46594086220610,46594478925562,ACCEPTED
81:75:1,NEW,46594096366629,46594097614887,46594097761509,46594449909567,ACCEPTED
82:75:1,NEW,46594108866629,46594109204541,46594109289349,46594457560762,ACCEPTED
83:75:1,NEW,46594121366629,46594122676024,46594122835366,46594471242512,ACCEPTED
80:75:2,CANCEL,46594133866629,46594134895966,46594134947836,46594483624654,CANCELED
81:75:2,CANCEL,46594146366629,46594148250863,46594148322244,46594497144203,CANCELED
82:75:2,CANCEL,46594158866629,46594159283715,46594159357683,46594517906396,CANCELED
83:75:2,CANCEL,46594171366629,46594172738067,46594172803957,46594530256438,CANCELED
80:76:1,NEW,46594183866629,46594184162395,46594184231985,46594546603863,ACCEPTED
81:76:1,NEW,46594196366629,46594196860302,46594196915092,46594497161179,ACCEPTED
82:76:1,NEW,46594208866629,46594210147768,46594210220462,46594517925807,ACCEPTED
83:76:1,NEW,46594221366629,46594221733924,46594221818638,46594533252509,ACCEPTED
80:76:2,CANCEL,46594233866629,46594235542653,46594235608472,46594569813711,CANCELED
81:76:2,CANCEL,46594246366629,46594246886501,46594246959096,46594578099482,CANCELED
82:76:2,CANCEL,46594258866629,46594260124291,46594260200432,46594520736797,CANCELED
83:76:2,CANCEL,46594271366629,46594271948969,46594272085372,46594540921905,CANCELED
80:77:1,NEW,46594283866629,46594284644537,46594284703969,46594569832404,ACCEPTED
81:77:1,NEW,46594296366629,46594296707397,46594296774940,46594583394345,ACCEPTED
82:77:1,NEW,46594308866629,46594309365643,46594309420030,46594608940659,ACCEPTED
83:77:1,NEW,46594321366629,46594322489819,46594322561843,46594608956977,ACCEPTED
80:77:2,CANCEL,46594333866629,46594335220336,46594335295200,46594608913321,CANCELED
81:77:2,CANCEL,46594346366629,46594347856357,46594347943070,46594618584897,CANCELED
82:77:2,CANCEL,46594358866629,46594359303028,46594359405645,46594662156448,CANCELED
83:77:2,CANCEL,46594371366629,46594373179161,46594373276548,46594664446735,CANCELED
80:78:1,NEW,46594383866629,46594385399850,46594385490606,46594646837463,ACCEPTED
81:78:1,NEW,46594396366629,46594397597724,46594397685263,46594656577106,ACCEPTED
82:78:1,NEW,46594408866629,46594409219823,46594409274303,46594664492654,ACCEPTED
83:78:1,NEW,46594421366629,46594422335122,46594422411788,46594664460980,ACCEPTED
80:78:2,CANCEL,46594433866629,46594434108901,46594434201632,46594669223437,CANCELED
81:78:2,CANCEL,46594446366629,46594446822964,46594446922623,46594681696008,CANCELED
82:78:2,CANCEL,46594458866629,46594458962885,46594459095162,46594691269158,CANCELED
83:78:2,CANCEL,46594471366629,46594472548219,46594472615973,46594693687455,CANCELED
80:79:1,NEW,46594483866629,46594484964153,46594485336363,46594701174661,ACCEPTED
81:79:1,NEW,46594496366629,46594497254461,46594497291746,46594706324858,ACCEPTED
82:79:1,NEW,46594508866629,46594509333443,46594509413152,46594715791656,ACCEPTED
83:79:1,NEW,46594521366629,46594522707196,46594522829673,46594720432205,ACCEPTED
80:79:2,CANCEL,46594533866629,46594534919334,46594534996570,46594729870743,CANCELED
81:79:2,CANCEL,46594546366629,46594546711609,46594546780251,46594735290713,CANCELED
82:79:2,CANCEL,46594558866629,46594560196816,46594560575800,46594742222021,CANCELED
83:79:2,CANCEL,46594571366629,46594572127393,46594572198750,46594873995535,CANCELED
80:80:1,NEW,46594583866629,46594585352025,46594585441511,46594789954594,ACCEPTED
81:80:1,NEW,46594596366629,46594596715053,46594596799363,46594804093212,ACCEPTED
82:80:1,NEW,46594608866629,46594609095454,46594609145379,46594864079019,ACCEPTED
83:80:1,NEW,46594621366629,46594621661115,46594621813533,46594874087348,ACCEPTED
80:80:2,CANCEL,46594633866629,46594635216773,46594635745637,46594882095881,CANCELED
81:80:2,CANCEL,46594646366629,46594646929885,46594646997300,46594895480755,CANCELED
82:80:2,CANCEL,46594658866629,46594659277445,46594659353428,46594895517348,CANCELED
83:80:2,CANCEL,46594671366629,46594672605452,46594672674387,46594895560506,CANCELED
80:81:1,NEW,46594683866629,46594684200338,46594684264906,46594882111776,ACCEPTED
81:81:1,NEW,46594696366629,46594696783313,46594696851047,46594895497716,ACCEPTED
82:81:1,NEW,46594708866629,46594709287598,46594709358004,46594895527586,ACCEPTED
83:81:1,NEW,46594721366629,46594722154729,46594722225849,46594977242546,ACCEPTED
80:81:2,CANCEL,46594733866629,46594735380060,46594735426734,46594947685944,CANCELED
81:81:2,CANCEL,46594746366629,46594747343037,46594747411877,46594951827954,CANCELED
82:81:2,CANCEL,46594758866629,46594759688224,46594759760028,46594973290793,CANCELED
83:81:2,CANCEL,46594771366629,46594772928738,46594772998660,46594977259903,CANCELED
80:82:1,NEW,46594783866629,46594785460276,46594785526344,46595038228034,ACCEPTED
81:82:1,NEW,46594796366629,46594796895559,46594796966905,46595068209032,ACCEPTED
82:82:1,NEW,46594808866629,46594809858865,46594809927400,46595102125534,ACCEPTED
83:82:1,NEW,46594821366629,46594821816515,46594822105856,46595117712606,ACCEPTED
80:82:2,CANCEL,46594833866629,46594835385395,46594835472789,46595125381772,CANCELED
81:82:2,CANCEL,46594846366629,46594847833012,46594847905222,46595068226523,CANCELED
82:82:2,CANCEL,46594858866629,46594860119839,46594860193670,46595102371346,CANCELED
83:82:2,CANCEL,46594871366629,46594872844439,46594872913760,46595117728856,CANCELED
80:83:1,NEW,46594883866629,46594884919664,46594884988855,46595125397744,ACCEPTED
81:83:1,NEW,46594896366629,46594897104925,46594897217771,46595129662763,ACCEPTED
82:83:1,NEW,46594908866629,46594910419883,46594910491282,46595129684738,ACCEPTED
83:83:1,NEW,46594921366629,46594921797600,46594921859182,46595180998626,ACCEPTED
80:83:2,CANCEL,46594933866629,46594934765099,46594935143323,46595180953935,CANCELED
81:83:2,CANCEL,46594946366629,46594946862745,46594946938024,46595180983767,CANCELED
82:83:2,CANCEL,46594958866629,46594960525455,46594960601120,46595340393003,CANCELED
83:83:2,CANCEL,46594971366629,46594973830791,46594973988182,46595344452093,CANCELED
80:84:1,NEW,46594983866629,46594985305277,46594985370982,46595311481372,ACCEPTED
81:84:1,NEW,46594996366629,46594997402047,46594997474380,46595329642322,ACCEPTED
82:84:1,NEW,46595008866629,46595010223513,46595010292052,46595340412303,ACCEPTED
83:84:1,NEW,46595021366629,46595022541572,46595022708743,46595344473103,ACCEPTED
80:84:2,CANCEL,46595033866629,46595036343664,46595036492531,46595311506432,CANCELED
81:84:2,CANCEL,46595046366629,46595048093629,46595048154488,46595329662330,CANCELED
82:84:2,CANCEL,46595058866629,46595059150836,46595059217640,46595340419444,CANCELED
83:84:2,CANCEL,46595071366629,46595072834436,46595072900619,46595344480647,CANCELED
80:85:1,NEW,46595083866629,46595084413889,46595084480829,46595368312002,ACCEPTED
81:85:1,NEW,46595096366629,46595096579894,46595096638664,46595329669831,ACCEPTED
82:85:1,NEW,46595108866629,46595110167899,46595110239115,46595378399702,ACCEPTED
83:85:1,NEW,46595121366629,46595121598087,46595121661326,46595452095038,ACCEPTED
80:85:2,CANCEL,46595133866629,46595134083025,46595134736272,46595465559418,CANCELED
81:85:2,CANCEL,46595146366629,46595147636776,46595147701092,46595484798775,CANCELED
82:85:2,CANCEL,46595158866629,46595159782134,46595159854838,46595493505713,CANCELED
83:85:2,CANCEL,46595171366629,46595171615494,46595171681551,46595500272390,CANCELED
80:86:1,NEW,46595183866629,46595184219094,46595184283584,46595465576354,ACCEPTED
81:86:1,NEW,46595196366629,46595197476446,46595197594823,46595485041112,ACCEPTED
82:86:1,NEW,46595208866629,46595210255501,46595210317288,46595493525737,ACCEPTED
83:86:1,NEW,46595221366629,46595222821296,46595222892112,46595500291236,ACCEPTED
80:86:2,CANCEL,46595233866629,46595235461819,46595235531271,46595505292238,CANCELED
81:86:2,CANCEL,46595246366629,46595246507523,46595246581767,46595558760598,CANCELED
82:86:2,CANCEL,46595258866629,46595259883461,46595259958042,46595493534052,CANCELED
83:86:2,CANCEL,46595271366629,46595272719377,46595272789007,46595500299175,CANCELED
80:87:1,NEW,46595283866629,46595284110645,46595284178525,46595505309803,ACCEPTED
81:87:1,NEW,46595296366629,46595297217490,46595297286658,46595558779744,ACCEPTED
82:87:1,NEW,46595308866629,46595309550224,46595309623900,46595564315686,ACCEPTED
83:87:1,NEW,46595321366629,46595321474165,46595321549624,46595566813268,ACCEPTED
80:87:2,CANCEL,46595333866629,46595335753404,46595335856812,46595555390980,CANCELED
81:87:2,CANCEL,46595346366629,46595347285154,46595347365100,46595569870599,CANCELED
82:87:2,CANCEL,46595358866629,46595359776835,46595359849208,46595606969310,CANCELED
83:87:2,CANCEL,46595371366629,46595371868450,46595372261356,46595607061678,CANCELED
80:88:1,NEW,46595383866629,46595384582574,46595384678887,46595630192146,ACCEPTED
81:88:1,NEW,46595396366629,46595397306236,46595397374900,46595646956959,ACCEPTED
82:88:1,NEW,46595408866629,46595409984209,46595410144979,46595606987347,ACCEPTED
83:88:1,NEW,46595421366629,46595421726562,46595421831265,46595619271340,ACCEPTED
80:88:2,CANCEL,46595433866629,46595434481916,46595434565269,46595646927053,CANCELED
81:88:2,CANCEL,46595446366629,46595446532770,46595446625080,46595658645562,CANCELED
82:88:2,CANCEL,46595458866629,46595460197176,46595460293501,46595667791263,CANCELED
83:88:2,CANCEL,46595471366629,46595472994710,46595473136273,46595679573214,CANCELED
80:89:1,NEW,46595483866629,46595485123705,46595485186744,46595690145565,ACCEPTED
81:89:1,NEW,46595496366629,46595496553381,46595496864895,46595693575476,ACCEPTED
82:89:1,NEW,46595508866629,46595509645382,46595509753685,46595704549469,ACCEPTED
83:89:1,NEW,46595521366629,46595523169877,46595523820278,46595707718083,ACCEPTED
80:89:2,CANCEL,46595533866629,46595534098043,46595534194981,46595748569024,CANCELED
81:89:2,CANCEL,46595546366629,46595547747593,46595547835798,46595753394314,CANCELED
82:89:2,CANCEL,46595558866629,46595560279346,46595560358870,46595757991811,CANCELED
83:89:2,CANCEL,46595571366629,46595572691363,46595572845906,46595758067887,CANCELED
80:90:1,NEW,46595583866629,46595584794830,46595584940638,46595748589845,ACCEPTED
81:90:1,NEW,46595596366629,46595596930546,46595597107990,46595753410887,ACCEPTED
82:90:1,NEW,46595608866629,46595610229343,46595610320658,46595758488122,ACCEPTED
83:90:1,NEW,46595621366629,46595622655684,46595622756316,46595765674170,ACCEPTED
80:90:2,CANCEL,46595633866629,46595634249591,46595634332216,46595769826446,CANCELED
81:90:2,CANCEL,46595646366629,46595647072302,46595647136308,46595779445484,CANCELED
82:90:2,CANCEL,46595658866629,46595660173176,46595660250386,46595781712698,CANCELED
83:90:2,CANCEL,46595671366629,46595673229576,46595673299607,46595790850383,CANCELED
80:91:1,NEW,46595683866629,46595684119513,46595684211756,46595792861042,ACCEPTED
81:91:1,NEW,46595696366629,46595696635453,46595696718654,46595797393264,ACCEPTED
82:91:1,NEW,46595708866629,46595709607899,46595709692191,46595809839045,ACCEPTED
83:91:1,NEW,46595721366629,46595723092572,46595723174930,46595809884386,ACCEPTED
80:91:2,CANCEL,46595733866629,46595734406725,46595734486286,46595817077401,CANCELED
81:91:2,CANCEL,46595746366629,46595747283980,46595747369559,46595822426402,CANCELED
82:91:2,CANCEL,46595758866629,46595759887720,46595759943492,46595927253065,CANCELED
83:91:2,CANCEL,46595771366629,46595772437898,46595772503043,46595927275728,CANCELED
80:92:1,NEW,46595783866629,46595784223916,46595784287945,46595927160256,ACCEPTED
81:92:1,NEW,46595796366629,46595797121565,46595797190070,46595927187689,ACCEPTED
82:92:1,NEW,46595808866629,46595809689721,46595809770875,46595927260729,ACCEPTED
83:92:1,NEW,46595821366629,46595822518608,46595822568138,46595927281062,ACCEPTED
80:92:2,CANCEL,46595833866629,46595834237416,46595834305473,46595932892357,CANCELED
81:92:2,CANCEL,46595846366629,46595847715600,46595847785684,46595984602137,CANCELED
82:92:2,CANCEL,46595858866629,46595860208488,46595860274828,46595984853679,CANCELED
83:92:2,CANCEL,46595871366629,46595872120626,46595872200688,46595945273450,CANCELED
80:93:1,NEW,46595883866629,46595884265497,46595884345646,46595954319787,ACCEPTED
81:93:1,NEW,46595896366629,46595896787936,46595896872520,46595984618432,ACCEPTED
82:93:1,NEW,46595908866629,46595910246549,46595910325788,46596006230846,ACCEPTED
83:93:1,NEW,46595921366629,46595921528553,46595921603019,46596006239611,ACCEPTED
80:93:2,CANCEL,46595933866629,46595934479662,46595934658026,46596005961884,CANCELED
81:93:2,CANCEL,46595946366629,46595946677618,46595946736778,46596030496899,CANCELED
82:93:2,CANCEL,46595958866629,46595959118563,46595959188692,46596030532323,CANCELED
83:93:2,CANCEL,46595971366629,46595971516055,46595971584846,46596092184999,CANCELED
80:94:1,NEW,46595983866629,46595984936527,46595984997975,46596085941121,ACCEPTED
81:94:1,NEW,46595996366629,46595997335862,46595997409781,46596092159480,ACCEPTED
82:94:1,NEW,46596008866629,46596009534201,46596009597203,46596096176368,ACCEPTED
83:94:1,NEW,46596021366629,46596022181191,46596022253625,46596120652182,ACCEPTED
80:94:2,CANCEL,46596033866629,46596034163327,46596034232935,46596158249523,CANCELED
81:94:2,CANCEL,46596046366629,46596047717855,46596047796413,46596169844791,CANCELED
82:94:2,CANCEL,46596058866629,46596059342813,46596059413635,46596176689856,CANCELED
83:94:2,CANCEL,46596071366629,46596072770307,46596072839897,46596179760318,CANCELED
80:95:1,NEW,46596083866629,46596084505597,46596084994786,46596184607009,ACCEPTED
81:95:1,NEW,46596096366629,46596097771857,46596097838426,46596243252330,ACCEPTED
82:95:1,NEW,46596108866629,46596109914946,46596109979015,46596243280100,ACCEPTED
83:95:1,NEW,46596121366629,46596121968934,46596122061014,46596243337906,ACCEPTED
80:95:2,CANCEL,46596133866629,46596133992474,46596134141700,46596237675833,CANCELED
81:95:2,CANCEL,46596146366629,46596146521485,46596146608063,46596309446838,CANCELED
82:95:2,CANCEL,46596158866629,46596159740691,46596159815513,46596333281086,CANCELED
83:95:2,CANCEL,46596171366629,46596173454216,46596173525509,46596338632944,CANCELED
80:96:1,NEW,46596183866629,46596184481100,46596184540403,46596303959820,ACCEPTED
81:96:1,NEW,46596196366629,46596197474507,46596197548009,46596309462261,ACCEPTED
82:96:1,NEW,46596208866629,46596209185437,46596209262839,46596347282243,ACCEPTED
83:96:1,NEW,46596221366629,46596222635657,46596222714027,46596347326301,ACCEPTED
80:96:2,CANCEL,46596233866629,46596234894517,46596234968285,46596403296224,CANCELED
81:96:2,CANCEL,46596246366629,46596246813912,46596246882769,46596407291775,CANCELED
82:96:2,CANCEL,46596258866629,46596260536885,46596260705953,46596411579827,CANCELED
83:96:2,CANCEL,46596271366629,46596272673466,46596272741459,46596419411478,CANCELED
80:97:1,NEW,46596283866629,46596285319006,46596285385008,46596403365816,ACCEPTED
81:97:1,NEW,46596296366629,46596297376570,46596297459416,46596422813416,ACCEPTED
82:97:1,NEW,46596308866629,46596309531573,46596309593537,46596439328393,ACCEPTED
83:97:1,NEW,46596321366629,46596321961785,46596322129932,46596446443203,ACCEPTED
80:97:2,CANCEL,46596333866629,46596335140210,46596335213666,46596456441106,CANCELED
81:97:2,CANCEL,46596346366629,46596347413331,46596347452404,46596472581177,CANCELED
82:97:2,CANCEL,46596358866629,46596359063099,46596359135481,46596572150779,CANCELED
83:97:2,CANCEL,46596371366629,46596372206594,46596372346463,46596578414380,CANCELED
80:98:1,NEW,46596383866629,46596384975261,46596385080683,46596544812407,ACCEPTED
81:98:1,NEW,46596396366629,46596398117976,46596398203358,46596566687681,ACCEPTED
82:98:1,NEW,46596408866629,46596409833492,46596409896222,46596572167746,ACCEPTED
83:98:1,NEW,46596421366629,46596422921158,46596422969284,46596578430485,ACCEPTED
80:98:2,CANCEL,46596433866629,46596434093252,46596434165616,46596544828988,CANCELED
81:98:2,CANCEL,46596446366629,46596446527789,46596446582690,46596566706703,CANCELED
82:98:2,CANCEL,46596458866629,46596460152842,46596460227286,46596572175273,CANCELED
83:98:2,CANCEL,46596471366629,46596472679211,46596472750362,46596581646178,CANCELED
80:99:1,NEW,46596483866629,46596484100563,46596484475324,46596593679760,ACCEPTED
81:99:1,NEW,46596496366629,46596499111532,46596499205790,46596608822633,ACCEPTED
82:99:1,NEW,46596508866629,46596509077660,46596509275399,46596668511667,ACCEPTED
83:99:1,NEW,46596521366629,46596522233493,46596522311385,46596581666864,ACCEPTED
80:99:2,CANCEL,46596533866629,46596534189883,46596534266952,46596596635325,CANCELED
81:99:2,CANCEL,46596546366629,46596547612401,46596547733912,46596657598683,CANCELED
82:99:2,CANCEL,46596558866629,46596559298525,46596559381072,46596668528282,CANCELED
83:99:2,CANCEL,46596571366629,46596572478141,46596572539351,46596673782254,CANCELED
80:100:1,NEW,46596583866629,46596584512563,46596584584311,46596651314911,ACCEPTED
81:100:1,NEW,46596596366629,46596596721479,46596596758015,46596657617111,ACCEPTED
82:100:1,NEW,46596608866629,46596610399541,46596610472214,46596682728680,ACCEPTED
83:100:1,NEW,46596621366629,46596622251879,46596622337555,46596682792447,ACCEPTED
80:100:2,CANCEL,46596633866629,46596634505389,46596634590502,46596709769636,CANCELED
81:100:2,CANCEL,46596646366629,46596647748368,46596647848054,46596709798935,CANCELED
82:100:2,CANCEL,46596658866629,46596660284035,46596660368296,46596709815381,CANCELED
83:100:2,CANCEL,46596671366629,46596672995595,46596673153404,46596764133124,CANCELED
80:101:1,NEW,46596683866629,46596684383731,46596684439427,46596740872435,ACCEPTED
81:101:1,NEW,46596696366629,46596697282329,46596697373973,46596758509856,ACCEPTED
82:101:1,NEW,46596708866629,46596709893242,46596710319996,46596764168101,ACCEPTED
83:101:1,NEW,46596721366629,46596722391238,46596722490726,46596764149350,ACCEPTED
80:101:2,CANCEL,46596733866629,46596735100281,46596735233304,46596772344175,CANCELED
81:101:2,CANCEL,46596746366629,46596747579423,46596747665339,46596783380377,CANCELED
82:101:2,CANCEL,46596758866629,46596759917698,46596760099173,46596793428033,CANCELED
83:101:2,CANCEL,46596771366629,46596772428808,46596772489020,46596803602200,CANCELED
80:102:1,NEW,46596783866629,46596785069424,46596785142842,46596815851532,ACCEPTED
81:102:1,NEW,46596796366629,46596797140567,46596797215414,46596827649905,ACCEPTED
82:102:1,NEW,46596808866629,46596809608971,46596809679703,46596856810701,ACCEPTED
83:102:1,NEW,46596821366629,46596821953172,46596822086314,46596856835370,ACCEPTED
80:102:2,CANCEL,46596833866629,46596834096749,46596834170805,46596885962552,CANCELED
81:102:2,CANCEL,46596846366629,46596847833119,46596847906490,46596910546340,CANCELED
82:102:2,CANCEL,46596858866629,46596860101399,46596860206987,46596930526215,CANCELED
83:102:2,CANCEL,46596871366629,46596871545663,46596871614640,46596930553991,CANCELED
80:103:1,NEW,46596883866629,46596885279523,46596885374053,46596942241596,ACCEPTED
81:103:1,NEW,46596896366629,46596897654305,46596897728618,46596969160452,ACCEPTED
82:103:1,NEW,46596908866629,46596909167665,46596909235906,46596969498911,ACCEPTED
83:103:1,NEW,46596921366629,46596922260691,46596922348537,46596969803250,ACCEPTED
80:103:2,CANCEL,46596933866629,46596934093109,46596934197486,46596978819282,CANCELED
81:103:2,CANCEL,46596946366629,46596947820427,46596947898329,46596989312783,CANCELED
82:103:2,CANCEL,46596958866629,46596959885753,46596959973374,46596997874322,CANCELED
83:103:2,CANCEL,46596971366629,46596972223275,46596972281404,46597019843703,CANCELED
80:104:1,NEW,46596983866629,46596984834722,46596984914569,46597019817474,ACCEPTED
81:104:1,NEW,46596996366629,46596997975518,46596998055919,46597033181339,ACCEPTED
82:104:1,NEW,46597008866629,46597011685228,46597011781148,46597057347208,ACCEPTED
83:104:1,NEW,46597021366629,46597022658358,46597022788764,46597057377996,ACCEPTED
80:104:2,CANCEL,46597033866629,46597034448828,46597034528862,46597069873249,CANCELED
81:104:2,CANCEL,46597046366629,46597046863317,46597046949394,46597091745298,CANCELED
82:104:2,CANCEL,46597058866629,46597060951062,46597061089425,46597091775674,CANCELED
83:104:2,CANCEL,46597071366629,46597073113478,46597073201442,46597117209435,CANCELED
80:105:1,NEW,46597083866629,46597084629133,46597084719922,46597109797560,ACCEPTED
81:105:1,NEW,46597096366629,46597097280492,46597097361902,46597122133195,ACCEPTED
82:105:1,NEW,46597108866629,46597109640987,46597109714799,46597132112265,ACCEPTED
83:105:1,NEW,46597121366629,46597122217699,46597122465090,46597143625724,ACCEPTED
80:105:2,CANCEL,46597133866629,46597134071171,46597134147853,46597154436445,CANCELED
81:105:2,CANCEL,46597146366629,46597147550749,46597147855073,46597166192084,CANCELED
82:105:2,CANCEL,46597158866629,46597160158992,46597160229435,46597176538990,CANCELED
83:105:2,CANCEL,46597171366629,46597171853034,46597171926859,46597183948268,CANCELED
80:106:1,NEW,46597183866629,46597184109568,46597184171183,46597201363811,ACCEPTED
81:106:1,NEW,46597196366629,46597197304399,46597197369336,46597208972480,ACCEPTED
82:106:1,NEW,46597208866629,46597209110861,46597209169169,46597221046212,ACCEPTED
83:106:1,NEW,46597221366629,46597223156133,46597223230196,46597233590629,ACCEPTED
80:106:2,CANCEL,46597233866629,46597236194382,46597236262083,46597252524537,CANCELED
81:106:2,CANCEL,46597246366629,46597247502070,46597247575232,46597266707457,CANCELED
82:106:2,CANCEL,46597258866629,46597259654460,46597259727913,46597277640875,CANCELED
83:106:2,CANCEL,46597271366629,46597272706867,46597272820228,46597290136002,CANCELED
80:107:1,NEW,46597283866629,46597283993695,46597284149342,46597296734549,ACCEPTED
81:107:1,NEW,46597296366629,46597296820710,46597296876679,46597308961176,ACCEPTED
82:107:1,NEW,46597308866629,46597309105756,46597309180455,46597320819019,ACCEPTED
83:107:1,NEW,46597321366629,46597322132457,46597322207899,46597333397866,ACCEPTED
80:107:2,CANCEL,46597333866629,46597334859810,46597334940626,46597352059550,CANCELED
81:107:2,CANCEL,46597346366629,46597347100103,46597347471949,46597360920360,CANCELED
82:107:2,CANCEL,46597358866629,46597359884951,46597359964100,46597376219789,CANCELED
83:107:2,CANCEL,46597371366629,46597371522339,46597371613544,46597382280573,CANCELED
80:108:1,NEW,46597383866629,46597385077982,46597385137629,46597401391192,ACCEPTED
81:108:1,NEW,46597396366629,46597397274435,46597397372084,46597407499481,ACCEPTED
82:108:1,NEW,46597408866629,46597409216649,46597409288986,46597426747818,ACCEPTED
83:108:1,NEW,46597421366629,46597422253239,46597422312225,46597433257065,ACCEPTED
80:108:2,CANCEL,46597433866629,46597434815235,46597434880866,46597444626076,CANCELED
81:108:2,CANCEL,46597446366629,46597446658212,46597446729065,46597456430422,CANCELED
82:108:2,CANCEL,46597458866629,46597459117837,46597459185940,46597470450471,CANCELED
83:108:2,CANCEL,46597471366629,46597472732520,46597472825209,46597490592790,CANCELED
80:109:1,NEW,46597483866629,46597485302520,46597485360402,46597506831535,ACCEPTED
81:109:1,NEW,46597496366629,46597498423308,46597498487561,46597519572818,ACCEPTED
82:109:1,NEW,46597508866629,46597510205113,46597510258588,46597531971452,ACCEPTED
83:109:1,NEW,46597521366629,46597522266296,46597522337817,46597546521878,ACCEPTED
80:109:2,CANCEL,46597533866629,46597535998492,46597536165105,46597559230033,CANCELED
81:109:2,CANCEL,46597546366629,46597546634499,46597546694206,46597578282055,CANCELED
82:109:2,CANCEL,46597558866629,46597559519668,46597559586843,46597606557229,CANCELED
83:109:2,CANCEL,46597571366629,46597572990811,46597573073507,46597606584214,CANCELED
80:110:1,NEW,46597583866629,46597584870776,46597584942613,46597634894490,ACCEPTED
81:110:1,NEW,46597596366629,46597597224729,46597597292825,46597639397217,ACCEPTED
82:110:1,NEW,46597608866629,46597609416427,46597609483264,46597685119826,ACCEPTED
83:110:1,NEW,46597621366629,46597621733553,46597621813832,46597685136412,ACCEPTED
80:110:2,CANCEL,46597633866629,46597634122696,46597634191916,46597685085440,CANCELED
81:110:2,CANCEL,46597646366629,46597647397879,46597647471088,46597734485171,CANCELED
82:110:2,CANCEL,46597658866629,46597660174988,46597660257621,46597734513715,CANCELED
83:110:2,CANCEL,46597671366629,46597673099903,46597673168083,46597734527582,CANCELED
80:111:1,NEW,46597683866629,46597685208325,46597685254265,46597784708513,ACCEPTED
81:111:1,NEW,46597696366629,46597698501485,46597698571277,46597816491496,ACCEPTED
82:111:1,NEW,46597708866629,46597710079891,46597710151775,46597819238953,ACCEPTED
83:111:1,NEW,46597721366629,46597721812379,46597721885307,46597831856995,ACCEPTED
80:111:2,CANCEL,46597733866629,46597734599570,46597734647946,46597836332373,CANCELED
81:111:2,CANCEL,46597746366629,46597747733500,46597747811505,46597849044422,CANCELED
82:111:2,CANCEL,46597758866629,46597760286514,46597760377519,46597853114943,CANCELED
83:111:2,CANCEL,46597771366629,46597772688514,46597772760213,46597853172477,CANCELED
80:112:1,NEW,46597783866629,46597784293432,46597784367224,46597853200845,ACCEPTED
81:112:1,NEW,46597796366629,46597796960141,46597797095860,46597927048282,ACCEPTED
82:112:1,NEW,46597808866629,46597809498966,46597809571955,46597929835908,ACCEPTED
83:112:1,NEW,46597821366629,46597822129175,46597822203325,46597933348338,ACCEPTED
80:112:2,CANCEL,46597833866629,46597835164501,46597835232770,46597908993315,CANCELED
81:112:2,CANCEL,46597846366629,46597846794541,46597846862335,46597927314646,CANCELED
82:112:2,CANCEL,46597858866629,46597860335922,46597860402084,46597966761397,CANCELED
83:112:2,CANCEL,46597871366629,46597872367432,46597872432623,46597969956831,CANCELED
80:113:1,NEW,46597883866629,46597884187822,46597884253539,46597969982318,ACCEPTED
81:113:1,NEW,46597896366629,46597897305315,46597897388529,46597969997564,ACCEPTED
82:113:1,NEW,46597908866629,46597909109356,46597909410264,46597984582596,ACCEPTED
83:113:1,NEW,46597921366629,46597922199531,46597922332595,46597984615484,ACCEPTED
80:113:2,CANCEL,46597933866629,46597934873902,46597934957397,46597997484740,CANCELED
81:113:2,CANCEL,46597946366629,46597947574507,46597947671012,46598009165942,CANCELED
82:113:2,CANCEL,46597958866629,46597959083553,46597959192032,46598046362256,CANCELED
83:113:2,CANCEL,46597971366629,46597971925749,46597971997756,46598046388311,CANCELED
80:114:1,NEW,46597983866629,46597984690415,46597984741888,46598038205820,ACCEPTED
81:114:1,NEW,46597996366629,46597997586814,46597997652071,46598046404262,ACCEPTED
82:114:1,NEW,46598008866629,46598009243240,46598009303987,46598059488193,ACCEPTED
83:114:1,NEW,46598021366629,46598021801147,46598021881162,46598126417856,ACCEPTED
80:114:2,CANCEL,46598033866629,46598034457823,46598034757630,46598094067593,CANCELED
81:114:2,CANCEL,46598046366629,46598046476524,46598046524007,46598118418010,CANCELED
82:114:2,CANCEL,46598058866629,46598059578954,46598059630324,46598130382645,CANCELED
83:114:2,CANCEL,46598071366629,46598071591951,46598071734346,46598130448132,CANCELED
80:115:1,NEW,46598083866629,46598085148923,46598085229454,46598183749238,ACCEPTED
81:115:1,NEW,46598096366629,46598097293801,46598097360170,46598183794174,ACCEPTED
82:115:1,NEW,46598108866629,46598109792645,46598109856490,46598183809892,ACCEPTED
83:115:1,NEW,46598121366629,46598122117071,46598122186781,46598183822646,ACCEPTED
80:115:2,CANCEL,46598133866629,46598134907106,46598134979033,46598243566820,CANCELED
81:115:2,CANCEL,46598146366629,46598147237516,46598147312583,46598296083228,CANCELED
82:115:2,CANCEL,46598158866629,46598159810642,46598159882555,46598304131150,CANCELED
83:115:2,CANCEL,46598171366629,46598172673235,46598172742230,46598308491074,CANCELED
80:116:1,NEW,46598183866629,46598185300456,46598185363256,46598311637063,ACCEPTED
81:116:1,NEW,46598196366629,46598197750708,46598197828578,46598311661996,ACCEPTED
82:116:1,NEW,46598208866629,46598210228972,46598210302487,46598311676295,ACCEPTED
83:116:1,NEW,46598221366629,46598222275213,46598222344815,46598333312489,ACCEPTED
80:116:2,CANCEL,46598233866629,46598236573292,46598236649404,46598337938215,CANCELED
81:116:2,CANCEL,46598246366629,46598246642710,46598246766708,46598341797042,CANCELED
82:116:2,CANCEL,46598258866629,46598260207294,46598260300094,46598369523251,CANCELED
83:116:2,CANCEL,46598271366629,46598272535651,46598272613165,46598434121119,CANCELED
80:117:1,NEW,46598283866629,46598284903645,46598284960483,46598409809252,ACCEPTED
81:117:1,NEW,46598296366629,46598298897050,46598298973546,46598412984131,ACCEPTED
82:117:1,NEW,46598308866629,46598309776130,46598310601486,46598419055816,ACCEPTED
83:117:1,NEW,46598321366629,46598322700502,46598322777824,46598464395642,ACCEPTED
80:117:2,CANCEL,46598333866629,46598335134258,46598335203038,46598451856092,CANCELED
81:117:2,CANCEL,46598346366629,46598346841577,46598346980358,46598454282147,CANCELED
82:117:2,CANCEL,46598358866629,46598359534154,46598359617117,46598464462008,CANCELED
83:117:2,CANCEL,46598371366629,46598372405017,46598372474964,46598470997140,CANCELED
80:118:1,NEW,46598383866629,46598384189298,46598384260487,46598480464550,ACCEPTED
81:118:1,NEW,46598396366629,46598397654711,46598397809893,46598490423603,ACCEPTED
82:118:1,NEW,46598408866629,46598409887704,46598409924004,46598505877809,ACCEPTED
83:118:1,NEW,46598421366629,46598422218291,46598422319730,46598508981822,ACCEPTED
80:118:2,CANCEL,46598433866629,46598434212815,46598434505411,46598517457232,CANCELED
81:118:2,CANCEL,46598446366629,46598447299135,46598447392001,46598529928857,CANCELED
82:118:2,CANCEL,46598458866629,46598460180930,46598460273015,46598543551848,CANCELED
83:118:2,CANCEL,46598471366629,46598472617827,46598472678370,46598558243175,CANCELED
80:119:1,NEW,46598483866629,46598485059395,46598485138456,46598587517136,ACCEPTED
81:119:1,NEW,46598496366629,46598497463773,46598497552088,46598601099206,ACCEPTED
82:119:1,NEW,46598508866629,46598509170207,46598509242161,46598604220793,ACCEPTED
83:119:1,NEW,46598521366629,46598522331046,46598522435002,46598604246413,ACCEPTED
80:119:2,CANCEL,46598533866629,46598534945800,46598535088706,46598607552903,CANCELED
81:119:2,CANCEL,46598546366629,46598547789764,46598547863255,46598629947122,CANCELED
82:119:2,CANCEL,46598558866629,46598559985915,46598560136367,46598633208072,CANCELED
83:119:2,CANCEL,46598571366629,46598572986064,46598573143388,46598644750941,CANCELED
80:120:1,NEW,46598583866629,46598584781609,46598584883945,46598656238862,ACCEPTED
81:120:1,NEW,46598596366629,46598597907308,46598597984037,46598687818788,ACCEPTED
82:120:1,NEW,46598608866629,46598609971060,46598610112220,46598687834605,ACCEPTED
83:120:1,NEW,46598621366629,46598622584777,46598622731849,46598687851148,ACCEPTED
80:120:2,CANCEL,46598633866629,46598635263743,46598635338958,46598687793000,CANCELED
81:120:2,CANCEL,46598646366629,46598647778221,46598647878958,46598694700360,CANCELED
82:120:2,CANCEL,46598658866629,46598660289322,46598660361831,46598701515570,CANCELED
83:120:2,CANCEL,46598671366629,46598672610069,46598672695591,46598708524583,CANCELED
