client,ticker,order,kind,stage,time_ns,cpu,tid,queue_or_pending_bytes
0,0,1790968417587600616,0,14,46722909396801,2,33712,0
0,0,1790968417587600616,0,15,46722963474780,2,33712,0
0,0,1790968417587600617,0,14,46723909397223,2,33712,0
0,0,1790968417587600617,0,15,46723952991348,2,33712,3
0,0,1790968417587600618,0,14,46724909397113,2,33712,0
0,0,1790968417587600618,0,15,46724945736340,2,33712,2
0,0,1790968417587600619,0,14,46725909397665,2,33712,0
0,0,1790968417587600619,0,15,46725950259208,2,33712,2
0,0,1790968417587600620,0,14,46726909397371,2,33712,0
0,0,1790968417587600620,0,15,46726946171367,2,33712,1
0,0,1790968417587600621,0,14,46727909410526,2,33712,0
0,0,1790968417587600621,0,15,46727950694576,2,33712,2
0,0,1790968417587600622,0,14,46728909410743,2,33712,0
0,0,1790968417587600622,0,15,46728952980915,2,33712,1
0,0,1790968417587600623,0,14,46729909508030,2,33712,0
0,0,1790968417587600623,0,15,46729948642326,2,33712,2
0,0,1790968417587600624,0,14,46730909508173,2,33712,0
0,0,1790968417587600624,0,15,46730948871266,2,33712,1
0,0,1790968417587600625,0,14,46731909508426,2,33712,0
0,0,1790968417587600625,0,15,46731952826777,2,33712,2
0,0,1790968417587600626,0,14,46732909508183,2,33712,0
0,0,1790968417587600626,0,15,46732946309807,2,33712,1
0,0,1790968417587600627,0,14,46733909527047,2,33712,0
0,0,1790968417587600627,0,15,46733955527758,2,33712,2
0,0,1790968417587600628,0,14,46734263491563,2,33712,0
0,0,1790968417587600628,0,15,46734305976327,2,33712,0
