operation,elapsed_ns
0,57
1,58
2,59
3,59
4,58
5,60
6,59
7,59
8,59
9,59
10,59
11,58
12,59
13,59
14,59
15,59
16,58
17,59
18,58
19,60
20,60
21,59
22,59
23,58
24,59
25,58
26,59
27,59
28,60
29,59
30,58
31,59
32,58
33,58
34,58
35,61
36,59
37,58
38,59
39,58
40,59
41,58
42,60
43,59
44,59
45,59
46,58
47,59
48,58
49,58
50,59
51,58
52,59
53,58
54,59
55,60
56,59
57,58
58,58
59,58
60,59
61,60
62,60
63,58
64,58
65,59
66,59
67,59
68,57
69,60
70,60
71,58
72,58
73,58
74,58
75,59
76,60
77,58
78,59
79,59
80,58
81,59
82,58
83,58
84,59
85,59
86,59
87,59
88,59
89,60
90,58
91,58
92,58
93,58
94,60
95,59
96,59
97,59
98,58
99,59
100,58
101,58
102,59
103,60
104,56
105,60
106,59
107,59
108,59
109,58
110,60
111,59
112,59
113,59
114,58
115,59
116,58
117,59
118,59
119,60
120,58
121,58
122,61
123,57
124,58
125,59
126,59
127,59
128,60
129,58
130,58
131,58
132,60
133,59
134,60
135,59
136,59
137,59
138,59
139,59
140,59
141,58
142,60
143,59
144,58
145,58
146,58
147,58
148,59
149,59
150,59
151,59
152,59
153,59
154,59
155,58
156,59
157,59
158,58
159,58
160,59
161,58
162,59
163,59
164,58
165,58
166,59
167,58
168,58
169,59
170,59
171,60
172,59
173,58
174,59
175,60
176,58
177,60
178,59
179,59
180,60
181,58
182,59
183,59
184,59
185,59
186,58
187,60
188,59
189,60
190,59
191,58
192,58
193,58
194,59
195,58
196,61
197,59
198,60
199,58
200,59
201,59
202,58
203,60
204,59
205,59
206,59
207,58
208,59
209,59
210,58
211,59
212,58
213,59
214,59
215,59
216,59
217,60
218,58
219,58
220,59
221,58
222,60
223,58
224,58
225,61
226,58
227,58
228,59
229,60
230,59
231,59
232,58
233,58
234,58
235,58
236,59
237,61
238,58
239,58
240,58
241,59
242,59
243,60
244,59
245,59
246,59
247,58
248,58
249,60
250,59
251,59
252,60
253,58
254,58
255,59
256,59
257,59
258,59
259,59
260,61
261,58
262,59
263,58
264,59
265,58
266,60
267,59
268,58
269,58
270,58
271,58
272,59
273,59
274,59
275,59
276,59
277,58
278,58
279,59
280,59
281,59
282,59
283,59
284,59
285,58
286,59
287,60
288,59
289,59
290,59
291,59
292,59
293,58
294,59
295,59
296,60
297,59
298,58
299,59
300,58
301,58
302,59
303,59
304,59
305,59
306,57
307,58
308,58
309,58
310,58
311,59
312,59
313,59
314,58
315,59
316,60
317,58
318,58
319,58
320,59
321,61
322,59
323,60
324,59
325,58
326,59
327,59
328,58
329,59
330,58
331,59
332,58
333,58
334,59
335,59
336,58
337,59
338,59
339,59
340,60
341,59
342,58
343,58
344,59
345,59
346,59
347,58
348,60
349,59
350,58
351,58
352,59
353,59
354,58
355,59
356,59
357,60
358,58
359,58
360,58
361,59
362,58
363,58
364,58
365,59
366,60
367,58
368,57
369,59
370,58
371,59
372,59
373,60
374,58
375,58
376,59
377,58
378,59
379,58
380,60
381,59
382,58
383,58
384,59
385,58
386,60
387,60
388,59
389,59
390,59
391,58
392,58
393,59
394,60
395,59
396,59
397,59
398,58
399,58
400,58
401,60
402,59
403,58
404,59
405,60
406,58
407,58
408,59
409,58
410,60
411,60
412,58
413,59
414,59
415,59
416,58
417,59
418,59
419,58
420,59
421,58
422,58
423,59
424,59
425,59
426,58
427,58
428,58
429,59
430,59
431,59
432,59
433,60
434,58
435,59
436,59
437,58
438,60
439,59
440,58
441,58
442,58
443,58
444,59
445,59
446,59
447,59
448,58
449,58
450,58
451,58
452,60
453,59
454,59
455,59
456,58
457,59
458,59
459,59
460,59
461,57
462,59
463,58
464,60
465,60
466,59
467,59
468,58
469,58
470,59
471,59
472,59
473,58
474,59
475,58
476,59
477,59
478,58
479,60
480,59
481,59
482,58
483,60
484,58
485,60
486,58
487,59
488,59
489,59
490,57
491,59
492,60
493,58
494,59
495,59
496,60
497,58
498,59
499,59
500,59
501,58
502,59
503,60
504,58
505,59
506,60
507,58
508,59
509,59
510,59
511,59
512,60
513,60
514,58
515,59
516,60
517,58
518,60
519,59
520,58
521,58
522,57
523,60
524,58
525,60
526,59
527,58
528,58
529,58
530,59
531,57
532,61
533,60
534,59
535,59
536,58
537,59
538,58
539,60
540,59
541,59
542,59
543,58
544,59
545,58
546,58
547,59
548,61
549,59
550,58
551,59
552,58
553,58
554,58
555,60
556,59
557,58
558,59
559,58
560,59
561,58
562,59
563,59
564,60
565,59
566,58
567,59
568,59
569,58
570,59
571,60
572,59
573,59
574,59
575,60
576,59
577,58
578,57
579,58
580,59
581,59
582,58
583,59
584,58
585,59
586,58
587,57
588,58
589,60
590,59
591,58
592,59
593,59
594,57
595,59
596,58
597,58
598,59
599,59
600,60
601,58
602,57
603,59
604,59
605,59
606,58
607,59
608,60
609,59
610,58
611,58
612,58
613,57
614,59
615,58
616,59
617,59
618,60
619,58
620,58
621,58
622,58
623,59
624,59
625,59
626,59
627,58
628,59
629,58
630,59
631,59
632,60
633,59
634,58
635,59
636,57
637,59
638,59
639,59
640,59
641,58
642,59
643,60
644,58
645,59
646,59
647,58
648,59
649,61
650,60
651,58
652,59
653,58
654,58
655,60
656,59
657,58
658,58
659,59
660,59
661,58
662,60
663,60
664,59
665,59
666,58
667,58
668,58
669,60
670,59
671,60
672,59
673,58
674,58
675,59
676,59
677,59
678,60
679,58
680,58
681,59
682,58
683,59
684,59
685,58
686,60
687,58
688,59
689,58
690,60
691,59
692,60
693,58
694,59
695,59
696,59
697,60
698,59
699,60
700,58
701,58
702,59
703,59
704,60
705,59
706,58
707,58
708,58
709,60
710,59
711,60
712,60
713,60
714,58
715,59
716,58
717,59
718,59
719,59
720,60
721,58
722,59
723,59
724,59
725,60
726,58
727,58
728,58
729,59
730,60
731,58
732,58
733,60
734,58
735,58
736,59
737,60
738,60
739,60
740,59
741,58
742,59
743,59
744,58
745,60
746,58
747,61
748,58
749,59
750,58
751,60
752,60
753,59
754,59
755,59
756,59
757,58
758,59
759,60
760,58
761,59
762,58
763,58
764,59
765,59
766,60
767,58
768,59
769,58
770,59
771,58
772,59
773,59
774,60
775,58
776,59
777,59
778,59
779,60
780,60
781,59
782,59
783,58
784,59
785,58
786,61
787,61
788,58
789,59
790,58
791,58
792,58
793,59
794,59
795,58
796,59
797,58
798,59
799,59
800,57
801,59
802,59
803,60
804,59
805,58
806,59
807,59
808,59
809,60
810,59
811,59
812,59
813,57
814,59
815,59
816,59
817,57
818,57
819,60
820,58
821,58
822,59
823,59
824,59
825,60
826,59
827,59
828,58
829,58
830,58
831,59
832,59
833,59
834,60
835,58
836,60
837,58
838,58
839,58
840,57
841,60
842,59
843,58
844,59
845,58
846,59
847,58
848,58
849,58
850,59
851,59
852,58
853,59
854,58
855,59
856,60
857,59
858,58
859,60
860,60
861,58
862,59
863,59
864,57
865,59
866,58
867,58
868,60
869,59
870,60
871,58
872,60
873,59
874,59
875,59
876,57
877,60
878,59
879,59
880,59
881,58
882,59
883,59
884,59
885,59
886,59
887,60
888,58
889,58
890,59
891,59
892,59
893,60
894,60
895,59
896,58
897,58
898,58
899,59
900,59
901,58
902,60
903,60
904,58
905,58
906,59
907,59
908,59
909,60
910,60
911,60
912,58
913,58
914,61
915,60
916,59
917,60
918,59
919,59
920,59
921,59
922,59
923,60
924,58
925,60
926,59
927,58
928,59
929,58
930,58
931,59
932,59
933,59
934,60
935,58
936,59
937,58
938,59
939,60
940,59
941,58
942,60
943,57
944,59
945,58
946,60
947,59
948,58
949,60
950,58
951,59
952,58
953,61
954,59
955,60
956,58
957,58
958,59
959,59
960,60
961,59
962,60
963,59
964,59
965,58
966,59
967,59
968,58
969,58
970,60
971,58
972,61
973,59
974,59
975,60
976,59
977,59
978,59
979,59
980,60
981,59
982,59
983,58
984,59
985,59
986,58
987,61
988,59
989,57
990,58
991,58
992,58
993,59
994,60
995,59
996,60
997,58
998,59
999,59
1000,58
1001,60
1002,59
1003,58
1004,58
1005,58
1006,58
1007,59
1008,59
1009,59
1010,60
1011,58
1012,59
1013,59
1014,58
1015,60
1016,59
1017,58
1018,59
1019,59
1020,59
1021,58
1022,60
1023,59
1024,60
1025,58
1026,58
1027,58
1028,59
1029,59
1030,59
1031,60
1032,58
1033,59
1034,59
1035,59
1036,60
1037,58
1038,60
1039,58
1040,57
1041,59
1042,58
1043,60
1044,59
1045,58
1046,58
1047,58
1048,59
1049,59
1050,57
1051,60
1052,59
1053,59
1054,58
1055,59
1056,58
1057,60
1058,59
1059,59
1060,59
1061,60
1062,59
1063,58
1064,58
1065,59
1066,59
1067,59
1068,60
1069,58
1070,58
1071,58
1072,59
1073,59
1074,59
1075,59
1076,59
1077,60
1078,58
1079,58
1080,59
1081,58
1082,59
1083,59
1084,60
1085,58
1086,58
1087,58
1088,59
1089,60
1090,59
1091,58
1092,59
1093,60
1094,58
1095,58
1096,59
1097,59
1098,60
1099,59
1100,58
1101,59
1102,59
1103,58
1104,59
1105,57
1106,59
1107,59
1108,59
1109,58
1110,59
1111,58
1112,58
1113,58
1114,59
1115,59
1116,60
1117,57
1118,59
1119,59
1120,58
1121,59
1122,58
1123,59
1124,60
1125,58
1126,59
1127,58
1128,58
1129,58
1130,60
1131,58
1132,59
1133,59
1134,60
1135,58
1136,59
1137,59
1138,59
1139,59
1140,58
1141,59
1142,60
1143,59
1144,58
1145,58
1146,59
1147,59
1148,59
1149,60
1150,59
1151,59
1152,59
1153,59
1154,59
1155,59
1156,58
1157,59
1158,60
1159,60
1160,59
1161,58
1162,59
1163,58
1164,60
1165,59
1166,59
1167,59
1168,58
1169,59
1170,58
1171,59
1172,59
1173,60
1174,59
1175,58
1176,59
1177,58
1178,58
1179,59
1180,59
1181,59
1182,60
1183,58
1184,58
1185,58
1186,59
1187,60
1188,59
1189,59
1190,59
1191,57
1192,59
1193,58
1194,59
1195,61
1196,60
1197,58
1198,58
1199,59
1200,58
1201,60
1202,60
1203,59
1204,59
1205,58
1206,58
1207,58
1208,59
1209,59
1210,60
1211,59
1212,58
1213,59
1214,58
1215,59
1216,59
1217,58
1218,58
1219,58
1220,58
1221,59
1222,61
1223,59
1224,58
1225,58
1226,58
1227,60
1228,59
1229,60
1230,60
1231,60
1232,58
1233,59
1234,58
1235,59
1236,59
1237,59
1238,59
1239,58
1240,59
1241,59
1242,58
1243,59
1244,60
1245,58
1246,60
1247,58
1248,59
1249,59
1250,59
1251,59
1252,58
1253,58
1254,59
1255,59
1256,60
1257,59
1258,58
1259,58
1260,58
1261,58
1262,58
1263,59
1264,59
1265,59
1266,58
1267,58
1268,59
1269,59
1270,60
1271,58
1272,58
1273,59
1274,59
1275,58
1276,60
1277,59
1278,60
1279,59
1280,58
1281,59
1282,59
1283,59
1284,59
1285,60
1286,58
1287,58
1288,59
1289,58
1290,60
1291,60
1292,59
1293,59
1294,59
1295,59
1296,58
1297,60
1298,59
1299,58
1300,60
1301,58
1302,58
1303,59
1304,59
1305,59
1306,59
1307,59
1308,58
1309,59
1310,59
1311,60
1312,59
1313,60
1314,60
1315,57
1316,59
1317,58
1318,59
1319,59
1320,60
1321,58
1322,58
1323,58
1324,59
1325,59
1326,58
1327,60
1328,59
1329,59
1330,58
1331,60
1332,58
1333,59
1334,60
1335,59
1336,58
1337,58
1338,58
1339,59
1340,58
1341,59
1342,58
1343,60
1344,59
1345,58
1346,58
1347,59
1348,57
1349,58
1350,59
1351,59
1352,60
1353,60
1354,59
1355,59
1356,59
1357,59
1358,59
1359,60
1360,60
1361,59
1362,58
1363,58
1364,58
1365,59
1366,59
1367,58
1368,59
1369,59
1370,60
1371,58
1372,57
1373,58
1374,59
1375,60
1376,59
1377,59
1378,59
1379,58
1380,59
1381,58
1382,58
1383,58
1384,59
1385,59
1386,60
1387,57
1388,59
1389,59
1390,58
1391,59
1392,59
1393,59
1394,60
1395,58
1396,59
1397,58
1398,58
1399,59
1400,58
1401,58
1402,60
1403,59
1404,58
1405,58
1406,58
1407,59
1408,58
1409,59
1410,58
1411,60
1412,59
1413,58
1414,58
1415,59
1416,58
1417,58
1418,59
1419,59
1420,59
1421,60
1422,59
1423,59
1424,59
1425,57
1426,58
1427,58
1428,58
1429,58
1430,59
1431,58
1432,58
1433,58
1434,61
1435,59
1436,58
1437,58
1438,58
1439,58
1440,58
1441,62
1442,59
1443,59
1444,59
1445,59
1446,58
1447,59
1448,59
1449,57
1450,58
1451,59
1452,60
1453,58
1454,57
1455,59
1456,58
1457,60
1458,59
1459,58
1460,59
1461,59
1462,59
1463,59
1464,60
1465,59
1466,58
1467,60
1468,58
1469,58
1470,59
1471,59
1472,60
1473,59
1474,59
1475,59
1476,59
1477,58
1478,60
1479,59
1480,58
1481,59
1482,61
1483,59
1484,59
1485,60
1486,59
1487,60
1488,58
1489,59
1490,59
1491,59
1492,58
1493,58
1494,58
1495,59
1496,58
1497,58
1498,58
1499,59
1500,59
1501,60
1502,58
1503,59
1504,59
1505,59
1506,60
1507,58
1508,60
1509,58
1510,60
1511,58
1512,61
1513,59
1514,60
1515,59
1516,57
1517,59
1518,58
1519,60
1520,59
1521,59
1522,59
1523,58
1524,58
1525,60
1526,59
1527,59
1528,58
1529,58
1530,59
1531,59
1532,58
1533,59
1534,59
1535,60
1536,58
1537,59
1538,58
1539,59
1540,58
1541,59
1542,57
1543,59
1544,58
1545,58
1546,59
1547,59
1548,59
1549,58
1550,58
1551,59
1552,59
1553,58
1554,59
1555,60
1556,60
1557,59
1558,58
1559,58
1560,58
1561,60
1562,59
1563,59
1564,59
1565,58
1566,58
1567,59
1568,60
1569,59
1570,58
1571,59
1572,58
1573,58
1574,59
1575,60
1576,58
1577,60
1578,58
1579,58
1580,58
1581,59
1582,59
1583,58
1584,60
1585,59
1586,58
1587,58
1588,57
1589,59
1590,58
1591,59
1592,59
1593,60
1594,58
1595,58
1596,58
1597,59
1598,59
1599,58
1600,59
1601,59
1602,60
1603,58
1604,57
1605,59
1606,58
1607,59
1608,59
1609,58
1610,60
1611,60
1612,59
1613,59
1614,59
1615,58
1616,59
1617,59
1618,59
1619,59
1620,58
1621,59
1622,59
1623,59
1624,59
1625,59
1626,57
1627,60
1628,58
1629,58
1630,58
1631,58
1632,60
1633,59
1634,58
1635,59
1636,58
1637,59
1638,57
1639,59
1640,59
1641,59
1642,58
1643,58
1644,59
1645,60
1646,57
1647,58
1648,58
1649,58
1650,61
1651,60
1652,58
1653,59
1654,59
1655,59
1656,59
1657,59
1658,58
1659,60
1660,59
1661,58
1662,58
1663,59
1664,58
1665,59
1666,59
1667,58
1668,60
1669,59
1670,58
1671,58
1672,59
1673,58
1674,58
1675,59
1676,59
1677,60
1678,58
1679,58
1680,59
1681,58
1682,59
1683,58
1684,60
1685,59
1686,58
1687,58
1688,59
1689,58
1690,58
1691,60
1692,59
1693,59
1694,59
1695,58
1696,58
1697,59
1698,59
1699,59
1700,59
1701,59
1702,59
1703,61
1704,59
1705,60
1706,59
1707,58
1708,59
1709,60
1710,59
1711,59
1712,59
1713,58
1714,60
1715,59
1716,59
1717,59
1718,59
1719,59
1720,58
1721,60
1722,59
1723,58
1724,61
1725,58
1726,58
1727,59
1728,59
1729,59
1730,59
1731,61
1732,58
1733,59
1734,58
1735,60
1736,59
1737,58
1738,60
1739,59
1740,59
1741,58
1742,60
1743,59
1744,60
1745,58
1746,59
1747,59
1748,59
1749,58
1750,59
1751,60
1752,58
1753,59
1754,59
1755,60
1756,59
1757,59
1758,58
1759,58
1760,59
1761,59
1762,59
1763,60
1764,58
1765,57
1766,60
1767,58
1768,58
1769,59
1770,57
1771,61
1772,58
1773,60
1774,59
1775,59
1776,59
1777,60
1778,58
1779,59
1780,59
1781,60
1782,59
1783,59
1784,58
1785,58
1786,60
1787,59
1788,60
1789,58
1790,59
1791,57
1792,59
1793,58
1794,60
1795,59
1796,60
1797,58
1798,58
1799,59
1800,58
1801,60
1802,59
1803,58
1804,59
1805,58
1806,58
1807,59
1808,60
1809,59
1810,59
1811,59
1812,57
1813,59
1814,58
1815,59
1816,61
1817,58
1818,58
1819,58
1820,59
1821,58
1822,59
1823,60
1824,58
1825,59
1826,57
1827,59
1828,58
1829,60
1830,59
1831,59
1832,59
1833,60
1834,58
1835,58
1836,58
1837,59
1838,59
1839,61
1840,60
1841,58
1842,59
1843,59
1844,59
1845,60
1846,60
1847,59
1848,58
1849,58
1850,1224
1851,58
1852,60
1853,60
1854,59
1855,57
1856,58
1857,57
1858,59
1859,58
1860,57
1861,58
1862,57
1863,57
1864,58
1865,59
1866,57
1867,59
1868,57
1869,59
1870,59
1871,59
1872,58
1873,58
1874,58
1875,59
1876,59
1877,58
1878,58
1879,58
1880,57
1881,59
1882,57
1883,57
1884,57
1885,57
1886,57
1887,58
1888,58
1889,58
1890,59
1891,59
1892,60
1893,60
1894,59
1895,58
1896,58
1897,59
1898,58
1899,60
1900,58
1901,59
1902,57
1903,58
1904,57
1905,57
1906,57
1907,57
1908,58
1909,58
1910,57
1911,58
1912,59
1913,59
1914,60
1915,58
1916,58
1917,58
1918,59
1919,58
1920,59
1921,57
1922,59
1923,57
1924,58
1925,57
1926,58
1927,59
1928,59
1929,59
1930,60
1931,59
1932,60
1933,59
1934,59
1935,59
1936,58
1937,59
1938,59
1939,59
1940,58
1941,57
1942,57
1943,57
1944,57
1945,57
1946,58
1947,57
1948,59
1949,59
1950,57
1951,58
1952,58
1953,59
1954,57
1955,58
1956,58
1957,59
1958,59
1959,59
1960,59
1961,59
1962,60
1963,58
1964,59
1965,58
1966,59
1967,57
1968,57
1969,58
1970,59
1971,59
1972,59
1973,57
1974,57
1975,59
1976,58
1977,59
1978,60
1979,57
1980,59
1981,59
1982,59
1983,58
1984,58
1985,60
1986,58
1987,57
1988,58
1989,58
1990,58
1991,59
1992,58
1993,59
1994,57
1995,57
1996,58
1997,59
1998,57
1999,57
2000,58
2001,57
2002,58
2003,59
2004,58
2005,59
2006,57
2007,58
2008,58
2009,59
2010,58
2011,60
2012,57
2013,59
2014,59
2015,58
2016,59
2017,60
2018,58
2019,59
2020,59
2021,58
2022,59
2023,59
2024,58
2025,59
2026,57
2027,59
2028,59
2029,59
2030,59
2031,59
2032,59
2033,60
2034,58
2035,58
2036,58
2037,58
2038,60
2039,59
2040,58
2041,59
2042,58
2043,59
2044,58
2045,56
2046,59
2047,60
2048,59
2049,58
2050,59
2051,60
2052,59
2053,58
2054,58
2055,58
2056,59
2057,60
2058,60
2059,59
2060,58
2061,58
2062,59
2063,59
2064,58
2065,59
2066,59
2067,60
2068,58
2069,58
2070,58
2071,59
2072,59
2073,58
2074,59
2075,59
2076,58
2077,59
2078,58
2079,58
2080,59
2081,59
2082,59
2083,59
2084,59
2085,60
2086,58
2087,58
2088,58
2089,58
2090,60
2091,59
2092,58
2093,59
2094,58
2095,59
2096,59
2097,57
2098,57
2099,61
2100,60
2101,60
2102,58
2103,60
2104,59
2105,58
2106,58
2107,58
2108,60
2109,59
2110,58
2111,58
2112,58
2113,58
2114,59
2115,59
2116,59
2117,58
2118,59
2119,60
2120,59
2121,58
2122,58
2123,59
2124,59
2125,59
2126,60
2127,59
2128,58
2129,59
2130,59
2131,60
2132,58
2133,60
2134,58
2135,57
2136,59
2137,58
2138,60
2139,60
2140,59
2141,59
2142,58
2143,61
2144,58
2145,61
2146,59
2147,60
2148,59
2149,58
2150,60
2151,59
2152,60
2153,58
2154,58
2155,59
2156,57
2157,59
2158,58
2159,60
2160,59
2161,59
2162,59
2163,58
2164,58
2165,60
2166,59
2167,59
2168,58
2169,58
2170,59
2171,59
2172,58
2173,59
2174,59
2175,58
2176,60
2177,59
2178,59
2179,59
2180,60
2181,59
2182,60
2183,58
2184,59
2185,59
2186,59
2187,60
2188,58
2189,58
2190,59
2191,58
2192,61
2193,59
2194,59
2195,59
2196,58
2197,58
2198,59
2199,60
2200,59
2201,59
2202,58
2203,59
2204,58
2205,58
2206,58
2207,59
2208,59
2209,59
2210,58
2211,58
2212,58
2213,61
2214,58
2215,60
2216,58
2217,59
2218,58
2219,59
2220,60
2221,60
2222,59
2223,58
2224,58
2225,59
2226,58
2227,59
2228,59
2229,60
2230,58
2231,58
2232,59
2233,58
2234,59
2235,59
2236,59
2237,59
2238,59
2239,59
2240,58
2241,60
2242,58
2243,58
2244,59
2245,60
2246,58
2247,58
2248,59
2249,59
2250,60
2251,59
2252,58
2253,59
2254,57
2255,58
2256,59
2257,60
2258,59
2259,58
2260,59
2261,60
2262,58
2263,58
2264,59
2265,58
2266,59
2267,59
2268,60
2269,58
2270,57
2271,59
2272,58
2273,59
2274,59
2275,60
2276,58
2277,58
2278,58
2279,59
2280,59
2281,58
2282,59
2283,59
2284,59
2285,59
2286,58
2287,58
2288,58
2289,58
2290,59
2291,59
2292,59
2293,58
2294,59
2295,58
2296,58
2297,58
2298,59
2299,59
2300,59
2301,59
2302,58
2303,59
2304,58
2305,58
2306,59
2307,57
2308,59
2309,60
2310,59
2311,58
2312,59
2313,58
2314,59
2315,59
2316,59
2317,60
2318,59
2319,59
2320,58
2321,58
2322,57
2323,59
2324,58
2325,59
2326,59
2327,58
2328,59
2329,59
2330,58
2331,59
2332,59
2333,59
2334,59
2335,59
2336,58
2337,59
2338,60
2339,57
2340,58
2341,58
2342,58
2343,61
2344,59
2345,58
2346,59
2347,58
2348,58
2349,58
2350,60
2351,60
2352,59
2353,59
2354,58
2355,59
2356,58
2357,58
2358,59
2359,61
2360,59
2361,58
2362,58
2363,58
2364,58
2365,59
2366,60
2367,59
2368,60
2369,58
2370,58
2371,58
2372,59
2373,59
2374,58
2375,60
2376,60
2377,58
2378,58
2379,57
2380,58
2381,59
2382,60
2383,59
2384,58
2385,60
2386,58
2387,58
2388,59
2389,59
2390,58
2391,60
2392,59
2393,59
2394,59
2395,59
2396,59
2397,58
2398,60
2399,59
2400,61
2401,58
2402,58
2403,59
2404,59
2405,59
2406,59
2407,60
2408,58
2409,59
2410,61
2411,58
2412,60
2413,59
2414,59
2415,58
2416,59
2417,58
2418,59
2419,60
2420,59
2421,58
2422,58
2423,58
2424,59
2425,59
2426,59
2427,60
2428,60
2429,58
2430,59
2431,59
2432,60
2433,59
2434,59
2435,60
2436,58
2437,60
2438,59
2439,59
2440,60
2441,59
2442,57
2443,59
2444,58
2445,60
2446,59
2447,59
2448,59
2449,58
2450,58
2451,59
2452,59
2453,60
2454,59
2455,58
2456,59
2457,59
2458,58
2459,60
2460,59
2461,59
2462,59
2463,59
2464,60
2465,59
2466,59
2467,59
2468,60
2469,58
2470,59
2471,59
2472,59
2473,58
2474,60
2475,58
2476,59
2477,58
2478,59
2479,60
2480,59
2481,59
2482,58
2483,59
2484,60
2485,60
2486,59
2487,59
2488,59
2489,58
2490,59
2491,59
2492,58
2493,59
2494,59
2495,61
2496,58
2497,58
2498,59
2499,59
2500,60
2501,59
2502,60
2503,59
2504,58
2505,58
2506,59
2507,58
2508,59
2509,59
2510,60
2511,58
2512,58
2513,59
2514,58
2515,59
2516,59
2517,58
2518,59
2519,60
2520,58
2521,58
2522,59
2523,57
2524,59
2525,59
2526,59
2527,59
2528,59
2529,60
2530,59
2531,58
2532,59
2533,59
2534,59
2535,60
2536,59
2537,59
2538,59
2539,57
2540,59
2541,59
2542,59
2543,59
2544,58
2545,59
2546,60
2547,58
2548,58
2549,58
2550,58
2551,60
2552,59
2553,59
2554,59
2555,58
2556,59
2557,58
2558,58
2559,59
2560,59
2561,59
2562,59
2563,59
2564,60
2565,59
2566,58
2567,58
2568,58
2569,59
2570,60
2571,60
2572,59
2573,59
2574,59
2575,59
2576,59
2577,58
2578,58
2579,59
2580,60
2581,58
2582,58
2583,59
2584,59
2585,59
2586,58
2587,59
2588,59
2589,59
2590,59
2591,58
2592,58
2593,58
2594,58
2595,59
2596,59
2597,59
2598,60
2599,57
2600,58
2601,58
2602,58
2603,60
2604,59
2605,58
2606,59
2607,60
2608,58
2609,58
2610,58
2611,59
2612,61
2613,59
2614,58
2615,59
2616,58
2617,58
2618,58
2619,60
2620,59
2621,58
2622,59
2623,60
2624,58
2625,58
2626,59
2627,58
2628,60
2629,59
2630,58
2631,58
2632,57
2633,58
2634,59
2635,59
2636,59
2637,60
2638,59
2639,60
2640,58
2641,59
2642,59
2643,58
2644,60
2645,59
2646,58
2647,60
2648,59
2649,59
2650,58
2651,59
2652,61
2653,58
2654,59
2655,58
2656,58
2657,60
2658,59
2659,59
2660,60
2661,58
2662,60
2663,58
2664,59
2665,60
2666,59
2667,58
2668,59
2669,57
2670,59
2671,58
2672,60
2673,59
2674,58
2675,59
2676,58
2677,61
2678,58
2679,61
2680,59
2681,60
2682,58
2683,59
2684,59
2685,60
2686,59
2687,59
2688,57
2689,58
2690,60
2691,58
2692,59
2693,59
2694,59
2695,60
2696,58
2697,59
2698,59
2699,59
2700,60
2701,58
2702,58
2703,59
2704,59
2705,60
2706,60
2707,58
2708,59
2709,58
2710,60
2711,59
2712,60
2713,59
2714,60
2715,58
2716,59
2717,58
2718,59
2719,59
2720,59
2721,60
2722,58
2723,59
2724,58
2725,59
2726,59
2727,60
2728,59
2729,59
2730,59
2731,59
2732,58
2733,60
2734,59
2735,59
2736,59
2737,58
2738,60
2739,59
2740,58
2741,59
2742,60
2743,58
2744,59
2745,59
2746,59
2747,58
2748,60
2749,59
2750,59
2751,59
2752,59
2753,58
2754,60
2755,59
2756,58
2757,59
2758,58
2759,58
2760,59
2761,58
2762,59
2763,58
2764,59
2765,58
2766,58
2767,59
2768,59
2769,59
2770,58
2771,59
2772,58
2773,58
2774,59
2775,60
2776,57
2777,58
2778,59
2779,60
2780,58
2781,58
2782,59
2783,58
2784,59
2785,59
2786,60
2787,58
2788,57
2789,59
2790,58
2791,59
2792,59
2793,58
2794,59
2795,60
2796,58
2797,59
2798,59
2799,58
2800,59
2801,59
2802,60
2803,58
2804,57
2805,59
2806,59
2807,59
2808,59
2809,58
2810,60
2811,60
2812,59
2813,59
2814,57
2815,59
2816,59
2817,59
2818,60
2819,59
2820,58
2821,58
2822,58
2823,58
2824,59
2825,59
2826,59
2827,58
2828,59
2829,58
2830,59
2831,58
2832,58
2833,59
2834,61
2835,59
2836,58
2837,58
2838,58
2839,59
2840,59
2841,59
2842,58
2843,60
2844,60
2845,60
2846,58
2847,58
2848,58
2849,59
2850,59
2851,59
2852,60
2853,59
2854,58
2855,59
2856,58
2857,58
2858,59
2859,59
2860,59
2861,59
2862,59
2863,60
2864,58
2865,58
2866,58
2867,59
2868,59
2869,59
2870,58
2871,59
2872,60
2873,58
2874,58
2875,58
2876,59
2877,59
2878,59
2879,60
2880,58
2881,58
2882,58
2883,59
2884,59
2885,59
2886,60
2887,58
2888,58
2889,58
2890,59
2891,59
2892,58
2893,60
2894,60
2895,58
2896,59
2897,59
2898,59
2899,58
2900,59
2901,60
2902,59
2903,59
2904,58
2905,58
2906,58
2907,61
2908,59
2909,58
2910,58
2911,58
2912,58
2913,59
2914,59
2915,59
2916,59
2917,59
2918,57
2919,58
2920,59
2921,60
2922,59
2923,58
2924,59
2925,57
2926,58
2927,59
2928,60
2929,60
2930,58
2931,59
2932,57
2933,59
2934,58
2935,60
2936,59
2937,58
2938,59
2939,58
2940,58
2941,59
2942,59
2943,59
2944,60
2945,58
2946,57
2947,59
2948,59
2949,60
2950,60
2951,57
2952,59
2953,58
2954,58
2955,59
2956,60
2957,59
2958,59
2959,58
2960,59
2961,58
2962,59
2963,59
2964,58
2965,58
2966,58
2967,58
2968,60
2969,59
2970,57
2971,60
2972,58
2973,58
2974,59
2975,61
2976,60
2977,59
2978,59
2979,59
2980,58
2981,59
2982,60
2983,59
2984,60
2985,58
2986,58
2987,59
2988,58
2989,60
2990,59
2991,59
2992,59
2993,58
2994,58
2995,58
2996,61
2997,59
2998,60
2999,58
3000,59
3001,59
3002,60
3003,59
3004,59
3005,60
3006,58
3007,59
3008,58
3009,59
3010,58
3011,59
3012,59
3013,59
3014,58
3015,58
3016,59
3017,59
3018,59
3019,60
3020,58
3021,60
3022,59
3023,59
3024,60
3025,60
3026,60
3027,58
3028,58
3029,59
3030,59
3031,59
3032,59
3033,59
3034,58
3035,59
3036,59
3037,59
3038,60
3039,59
3040,59
3041,59
3042,57
3043,59
3044,58
3045,59
3046,59
3047,58
3048,60
3049,58
3050,58
3051,59
3052,59
3053,59
3054,60
3055,60
3056,59
3057,58
3058,58
3059,58
3060,59
3061,59
3062,58
3063,60
3064,59
3065,58
3066,59
3067,58
3068,58
3069,59
3070,60
3071,59
3072,59
3073,59
3074,60
3075,59
3076,58
3077,58
3078,59
3079,59
3080,58
3081,58
3082,59
3083,60
3084,58
3085,58
3086,58
3087,58
3088,61
3089,59
3090,58
3091,59
3092,58
3093,59
3094,58
3095,58
3096,59
3097,59
3098,59
3099,58
3100,58
3101,58
3102,59
3103,58
3104,59
3105,58
3106,59
3107,60
3108,60
3109,58
3110,58
3111,59
3112,59
3113,59
3114,59
3115,60
3116,60
3117,58
3118,58
3119,59
3120,59
3121,59
3122,59
3123,59
3124,60
3125,58
3126,58
3127,58
3128,59
3129,57
3130,58
3131,59
3132,59
3133,60
3134,58
3135,57
3136,59
3137,58
3138,59
3139,59
3140,60
3141,58
3142,58
3143,58
3144,59
3145,59
3146,58
3147,59
3148,59
3149,60
3150,58
3151,57
3152,59
3153,58
3154,59
3155,59
3156,58
3157,60
3158,60
3159,59
3160,58
3161,59
3162,58
3163,60
3164,59
3165,58
3166,58
3167,60
3168,58
3169,59
3170,58
3171,59
3172,59
3173,59
3174,59
3175,58
3176,59
3177,61
3178,59
3179,60
3180,58
3181,58
3182,58
3183,59
3184,59
3185,59
3186,60
3187,58
3188,58
3189,58
3190,59
3191,59
3192,59
3193,59
3194,58
3195,58
3196,59
3197,58
3198,59
3199,59
3200,59
3201,59
3202,59
3203,58
3204,58
3205,60
3206,59
3207,60
3208,58
3209,58
3210,59
3211,58
3212,59
3213,59
3214,58
3215,58
3216,58
3217,60
3218,59
3219,60
3220,58
3221,60
3222,58
3223,59
3224,59
3225,58
3226,60
3227,59
3228,60
3229,59
3230,58
3231,60
3232,59
3233,60
3234,58
3235,59
3236,59
3237,59
3238,59
3239,60
3240,60
3241,58
3242,58
3243,59
3244,59
3245,60
3246,59
3247,58
3248,59
3249,57
3250,58
3251,59
3252,59
3253,59
3254,58
3255,58
3256,58
3257,59
3258,58
3259,61
3260,59
3261,59
3262,59
3263,58
3264,60
3265,59
3266,60
3267,59
3268,60
3269,58
3270,57
3271,59
3272,58
3273,60
3274,60
3275,59
3276,59
3277,58
3278,59
3279,58
3280,61
3281,60
3282,59
3283,59
3284,58
3285,58
3286,58
3287,59
3288,59
3289,59
3290,59
3291,58
3292,58
3293,59
3294,59
3295,59
3296,59
3297,60
3298,60
3299,58
3300,59
3301,59
3302,58
3303,59
3304,59
3305,60
3306,59
3307,57
3308,59
3309,58
3310,59
3311,59
3312,60
3313,58
3314,58
3315,59
3316,58
3317,59
3318,58
3319,60
3320,59
3321,58
3322,58
3323,59
3324,57
3325,58
3326,59
3327,59
3328,60
3329,60
3330,58
3331,58
3332,59
3333,59
3334,59
3335,60
3336,59
3337,60
3338,58
3339,58
3340,58
3341,59
3342,59
3343,58
3344,60
3345,59
3346,58
3347,59
3348,59
3349,58
3350,59
3351,58
3352,57
3353,61
3354,59
3355,58
3356,59
3357,58
3358,59
3359,58
3360,59
3361,59
3362,59
3363,59
3364,58
3365,58
3366,58
3367,59
3368,58
3369,59
3370,58
3371,60
3372,57
3373,60
3374,58
3375,58
3376,59
3377,59
3378,59
3379,59
3380,60
3381,60
3382,58
3383,58
3384,58
3385,58
3386,59
3387,59
3388,59
3389,60
3390,58
3391,60
3392,58
3393,58
3394,59
3395,59
3396,60
3397,59
3398,59
3399,59
3400,59
3401,58
3402,59
3403,60
3404,59
3405,59
3406,58
3407,59
3408,59
3409,58
3410,58
3411,59
3412,59
3413,59
3414,58
3415,59
3416,58
3417,59
3418,58
3419,58
3420,58
3421,61
3422,59
3423,58
3424,59
3425,58
3426,58
3427,59
3428,59
3429,59
3430,58
3431,61
3432,58
3433,58
3434,59
3435,59
3436,59
3437,59
3438,59
3439,59
3440,59
3441,59
3442,61
3443,58
3444,60
3445,59
3446,59
3447,59
3448,59
3449,58
3450,59
3451,58
3452,59
3453,59
3454,59
3455,58
3456,58
3457,60
3458,59
3459,59
3460,58
3461,58
3462,58
3463,61
3464,59
3465,60
3466,60
3467,59
3468,59
3469,58
3470,58
3471,60
3472,58
3473,59
3474,57
3475,59
3476,58
3477,59
3478,58
3479,60
3480,60
3481,59
3482,59
3483,58
3484,59
3485,59
3486,58
3487,59
3488,59
3489,58
3490,59
3491,59
3492,59
3493,60
3494,58
3495,58
3496,59
3497,58
3498,61
3499,59
3500,59
3501,59
3502,58
3503,59
3504,59
3505,58
3506,59
3507,58
3508,58
3509,59
3510,59
3511,60
3512,59
3513,60
3514,57
3515,59
3516,58
3517,58
3518,59
3519,59
3520,59
3521,58
3522,58
3523,58
3524,61
3525,58
3526,60
3527,59
3528,59
3529,59
3530,59
3531,58
3532,58
3533,60
3534,59
3535,60
3536,58
3537,58
3538,59
3539,59
3540,59
3541,59
3542,59
3543,58
3544,58
3545,58
3546,60
3547,59
3548,58
3549,58
3550,59
3551,59
3552,58
3553,59
3554,60
3555,59
3556,59
3557,58
3558,59
3559,58
3560,61
3561,59
3562,58
3563,59
3564,58
3565,58
3566,58
3567,59
3568,59
3569,58
3570,59
3571,60
3572,58
3573,58
3574,59
3575,59
3576,59
3577,59
3578,60
3579,59
3580,58
3581,57
3582,59
3583,59
3584,59
3585,60
3586,59
3587,58
3588,59
3589,58
3590,58
3591,58
3592,61
3593,59
3594,58
3595,59
3596,58
3597,59
3598,58
3599,60
3600,59
3601,59
3602,59
3603,59
3604,58
3605,58
3606,58
3607,58
3608,59
3609,58
3610,59
3611,60
3612,59
3613,59
3614,58
3615,58
3616,59
3617,59
3618,58
3619,59
3620,59
3621,60
3622,59
3623,57
3624,59
3625,59
3626,59
3627,59
3628,59
3629,59
3630,58
3631,59
3632,58
3633,58
3634,58
3635,59
3636,59
3637,60
3638,57
3639,59
3640,59
3641,58
3642,59
3643,58
3644,59
3645,60
3646,58
3647,59
3648,59
3649,59
3650,59
3651,57
3652,57
3653,60
3654,59
3655,58
3656,58
3657,58
3658,58
3659,58
3660,59
3661,59
3662,58
3663,59
3664,60
3665,59
3666,58
3667,58
3668,57
3669,60
3670,59
3671,59
3672,61
3673,59
3674,58
3675,60
3676,61
3677,59
3678,59
3679,59
3680,60
3681,58
3682,58
3683,58
3684,59
3685,59
3686,59
3687,60
3688,59
3689,58
3690,59
3691,59
3692,60
3693,59
3694,58
3695,59
3696,57
3697,59
3698,58
3699,59
3700,61
3701,58
3702,58
3703,58
3704,59
3705,59
3706,60
3707,60
3708,59
3709,60
3710,58
3711,59
3712,58
3713,59
3714,59
3715,58
3716,59
3717,60
3718,58
3719,59
3720,60
3721,59
3722,58
3723,58
3724,58
3725,58
3726,58
3727,59
3728,60
3729,59
3730,59
3731,58
3732,58
3733,58
3734,62
3735,59
3736,60
3737,59
3738,57
3739,59
3740,58
3741,60
3742,59
3743,59
3744,59
3745,59
3746,58
3747,60
3748,59
3749,61
3750,59
3751,58
3752,59
3753,61
3754,58
3755,60
3756,59
3757,59
3758,59
3759,58
3760,60
3761,58
3762,60
3763,59
3764,57
3765,59
3766,58
3767,60
3768,59
3769,58
3770,59
3771,58
3772,59
3773,58
3774,61
3775,59
3776,58
3777,58
3778,58
3779,59
3780,59
3781,60
3782,60
3783,59
3784,59
3785,58
3786,59
3787,58
3788,60
3789,59
3790,60
3791,58
3792,58
3793,58
3794,59
3795,60
3796,59
3797,59
3798,59
3799,58
3800,58
3801,60
3802,59
3803,59
3804,60
3805,59
3806,58
3807,59
3808,59
3809,59
3810,58
3811,59
3812,60
3813,59
3814,58
3815,59
3816,59
3817,58
3818,59
3819,60
3820,59
3821,59
3822,58
3823,59
3824,58
3825,61
3826,59
3827,58
3828,58
3829,58
3830,58
3831,58
3832,59
3833,59
3834,58
3835,59
3836,60
3837,58
3838,58
3839,58
3840,59
3841,59
3842,59
3843,60
3844,59
3845,58
3846,58
3847,59
3848,59
3849,59
3850,59
3851,59
3852,58
3853,58
3854,59
3855,59
3856,59
3857,59
3858,59
3859,58
3860,59
3861,58
3862,58
3863,58
3864,60
3865,58
3866,59
3867,59
3868,58
3869,59
3870,58
3871,57
3872,58
3873,59
3874,58
3875,59
3876,60
3877,58
3878,58
3879,58
3880,57
3881,59
3882,59
3883,58
3884,59
3885,59
3886,60
3887,59
3888,59
3889,58
3890,59
3891,60
3892,59
3893,59
3894,59
3895,60
3896,59
3897,58
3898,58
3899,58
3900,56
3901,58
3902,60
3903,59
3904,58
3905,58
3906,57
3907,59
3908,58
3909,59
3910,58
3911,59
3912,58
3913,59
3914,58
3915,58
3916,59
3917,59
3918,59
3919,59
3920,59
3921,60
3922,58
3923,57
3924,58
3925,59
3926,58
3927,60
3928,59
3929,58
3930,59
3931,60
3932,58
3933,58
3934,59
3935,58
3936,59
3937,59
3938,60
3939,59
3940,59
3941,58
3942,58
3943,59
3944,59
3945,60
3946,58
3947,58
3948,58
3949,59
3950,59
3951,59
3952,60
3953,59
3954,58
3955,58
3956,59
3957,59
3958,59
3959,59
3960,60
3961,59
3962,59
3963,58
3964,58
3965,58
3966,60
3967,60
3968,59
3969,59
3970,58
3971,58
3972,58
3973,62
3974,59
3975,59
3976,59
3977,57
3978,59
3979,59
3980,59
3981,59
3982,60
3983,59
3984,58
3985,59
3986,59
3987,59
3988,60
3989,59
3990,59
3991,58
3992,60
3993,58
3994,60
3995,59
3996,60
3997,59
3998,57
3999,59
4000,58
4001,59
4002,59
4003,60
4004,58
4005,58
4006,59
4007,58
4008,60
4009,59
4010,59
4011,59
4012,58
4013,58
4014,59
4015,60
4016,59
4017,60
4018,58
4019,59
4020,59
4021,59
4022,59
4023,59
4024,60
4025,58
4026,60
4027,59
4028,60
4029,58
4030,60
4031,58
4032,59
4033,58
4034,59
4035,59
4036,59
4037,59
4038,58
4039,58
4040,60
4041,59
4042,61
4043,59
4044,58
4045,58
4046,59
4047,58
4048,59
4049,59
4050,58
4051,59
4052,58
4053,58
4054,59
4055,61
4056,59
4057,58
4058,60
4059,61
4060,58
4061,59
4062,58
4063,58
4064,59
4065,59
4066,59
4067,58
4068,59
4069,58
4070,58
4071,59
4072,59
4073,59
4074,58
4075,60
4076,60
4077,59
4078,59
4079,59
4080,58
4081,60
4082,59
4083,58
4084,58
4085,59
4086,58
4087,59
4088,60
4089,59
4090,58
4091,58
4092,58
4093,59
4094,58
4095,59
4096,59
4097,58
4098,59
4099,59
4100,59
4101,58
4102,58
4103,59
4104,60
4105,59
4106,58
4107,58
4108,58
4109,58
4110,58
4111,59
4112,59
4113,58
4114,59
4115,60
4116,59
4117,58
4118,58
4119,58
4120,61
4121,59
4122,58
4123,58
4124,58
4125,59
4126,59
4127,59
4128,58
4129,59
4130,60
4131,59
4132,58
4133,58
4134,59
4135,59
4136,59
4137,58
4138,60
4139,59
4140,60
4141,57
4142,57
4143,59
4144,59
4145,58
4146,59
4147,59
4148,60
4149,60
4150,58
4151,58
4152,58
4153,58
4154,60
4155,59
4156,58
4157,59
4158,59
4159,59
4160,58
4161,58
4162,58
4163,59
4164,58
4165,60
4166,60
4167,59
4168,59
4169,58
4170,59
4171,59
4172,59
4173,58
4174,60
4175,59
4176,58
4177,58
4178,57
4179,59
4180,58
4181,59
4182,59
4183,58
4184,57
4185,57
4186,58
4187,59
4188,59
4189,59
4190,60
4191,59
4192,58
4193,59
4194,57
4195,59
4196,59
4197,59
4198,59
4199,58
4200,60
4201,59
4202,59
4203,59
4204,58
4205,58
4206,59
4207,59
4208,58
4209,58
4210,59
4211,58
4212,58
4213,60
4214,59
4215,59
4216,58
4217,58
4218,58
4219,58
4220,59
4221,59
4222,59
4223,59
4224,59
4225,59
4226,59
4227,60
4228,59
4229,58
4230,59
4231,60
4232,58
4233,59
4234,59
4235,58
4236,59
4237,60
4238,59
4239,59
4240,58
4241,59
4242,60
4243,58
4244,59
4245,60
4246,59
4247,58
4248,58
4249,59
4250,59
4251,59
4252,60
4253,58
4254,60
4255,59
4256,58
4257,60
4258,59
4259,59
4260,59
4261,58
4262,59
4263,59
4264,59
4265,59
4266,59
4267,58
4268,60
4269,59
4270,61
4271,58
4272,59
4273,58
4274,59
4275,58
4276,59
4277,60
4278,60
4279,58
4280,58
4281,58
4282,59
4283,59
4284,58
4285,58
4286,58
4287,57
4288,59
4289,58
4290,60
4291,60
4292,59
4293,59
4294,58
4295,59
4296,58
4297,60
4298,59
4299,59
4300,59
4301,60
4302,59
4303,59
4304,60
4305,59
4306,60
4307,58
4308,59
4309,59
4310,58
4311,59
4312,60
4313,58
4314,59
4315,58
4316,58
4317,59
4318,59
4319,58
4320,60
4321,59
4322,58
4323,60
4324,58
4325,59
4326,59
4327,59
4328,59
4329,60
4330,58
4331,58
4332,59
4333,59
4334,59
4335,60
4336,59
4337,59
4338,59
4339,59
4340,58
4341,59
4342,59
4343,57
4344,58
4345,59
4346,58
4347,58
4348,60
4349,59
4350,58
4351,58
4352,58
4353,57
4354,59
4355,60
4356,59
4357,59
4358,59
4359,58
4360,59
4361,58
4362,60
4363,59
4364,59
4365,59
4366,58
4367,59
4368,58
4369,59
4370,59
4371,60
4372,59
4373,58
4374,59
4375,58
4376,58
4377,57
4378,60
4379,59
4380,59
4381,59
4382,58
4383,59
4384,58
4385,59
4386,58
4387,59
4388,58
4389,60
4390,60
4391,60
4392,58
4393,58
4394,59
4395,59
4396,59
4397,58
4398,60
4399,59
4400,60
4401,59
4402,58
4403,58
4404,58
4405,58
4406,59
4407,59
4408,59
4409,58
4410,59
4411,58
4412,59
4413,58
4414,60
4415,59
4416,58
4417,59
4418,58
4419,58
4420,58
4421,59
4422,57
4423,59
4424,58
4425,59
4426,60
4427,59
4428,57
4429,58
4430,59
4431,59
4432,59
4433,60
4434,59
4435,59
4436,58
4437,58
4438,59
4439,59
4440,58
4441,60
4442,60
4443,58
4444,59
4445,58
4446,58
4447,59
4448,59
4449,58
4450,60
4451,59
4452,58
4453,58
4454,59
4455,58
4456,58
4457,60
4458,59
4459,58
4460,58
4461,58
4462,59
4463,58
4464,59
4465,58
4466,60
4467,59
4468,59
4469,60
4470,59
4471,58
4472,59
4473,58
4474,59
4475,59
4476,59
4477,58
4478,59
4479,59
4480,61
4481,59
4482,58
4483,59
4484,58
4485,58
4486,59
4487,59
4488,59
4489,60
4490,58
4491,58
4492,59
4493,59
4494,59
4495,59
4496,60
4497,58
4498,58
4499,58
4500,58
4501,59
4502,60
4503,58
4504,59
4505,60
4506,59
4507,59
4508,58
4509,59
4510,59
4511,59
4512,60
4513,58
4514,58
4515,59
4516,58
4517,60
4518,59
4519,59
4520,59
4521,58
4522,59
4523,59
4524,58
4525,59
4526,59
4527,59
4528,59
4529,60
4530,59
4531,60
4532,58
4533,58
4534,59
4535,59
4536,59
4537,60
4538,58
4539,59
4540,58
4541,60
4542,59
4543,60
4544,59
4545,60
4546,58
4547,59
4548,59
4549,58
4550,60
4551,59
4552,60
4553,58
4554,59
4555,60
4556,59
4557,58
4558,58
4559,58
4560,60
4561,59
4562,59
4563,60
4564,59
4565,59
4566,58
4567,59
4568,58
4569,60
4570,58
4571,58
4572,60
4573,59
4574,59
4575,58
4576,59
4577,59
4578,57
4579,59
4580,58
4581,59
4582,61
4583,58
4584,58
4585,58
4586,59
4587,58
4588,60
4589,60
4590,59
4591,59
4592,58
4593,59
4594,58
4595,60
4596,59
4597,58
4598,59
4599,60
4600,57
4601,58
4602,58
4603,59
4604,59
4605,59
4606,60
4607,58
4608,58
4609,58
4610,59
4611,60
4612,59
4613,58
4614,59
4615,60
4616,58
4617,57
4618,59
4619,58
4620,60
4621,60
4622,58
4623,58
4624,59
4625,59
4626,59
4627,60
4628,60
4629,60
4630,58
4631,58
4632,58
4633,59
4634,59
4635,58
4636,60
4637,59
4638,58
4639,58
4640,57
4641,59
4642,58
4643,59
4644,59
4645,58
4646,60
4647,60
4648,59
4649,59
4650,58
4651,59
4652,59
4653,59
4654,60
4655,59
4656,60
4657,59
4658,58
4659,58
4660,59
4661,60
4662,59
4663,59
4664,59
4665,58
4666,59
4667,59
4668,58
4669,58
4670,60
4671,59
4672,60
4673,60
4674,59
4675,59
4676,59
4677,59
4678,59
4679,60
4680,58
4681,60
4682,58
4683,58
4684,58
4685,58
4686,59
4687,58
4688,59
4689,59
4690,59
4691,59
4692,58
4693,58
4694,59
4695,61
4696,59
4697,59
4698,59
4699,60
4700,58
4701,58
4702,58
4703,58
4704,59
4705,59
4706,58
4707,59
4708,60
4709,59
4710,58
4711,58
4712,58
4713,61
4714,59
4715,58
4716,59
4717,58
4718,58
4719,58
4720,60
4721,59
4722,58
4723,59
4724,60
4725,58
4726,58
4727,58
4728,59
4729,59
4730,59
4731,60
4732,58
4733,58
4734,60
4735,59
4736,60
4737,60
4738,58
4739,58
4740,58
4741,59
4742,57
4743,60
4744,60
4745,60
4746,58
4747,58
4748,59
4749,58
4750,59
4751,59
4752,58
4753,58
4754,59
4755,58
4756,59
4757,60
4758,59
4759,59
4760,59
4761,60
4762,58
4763,58
4764,59
4765,58
4766,60
4767,59
4768,60
4769,58
4770,59
4771,59
4772,58
4773,59
4774,59
4775,58
4776,58
4777,58
4778,59
4779,58
4780,61
4781,59
4782,59
4783,59
4784,58
4785,58
4786,59
4787,60
4788,59
4789,60
4790,58
4791,57
4792,59
4793,58
4794,58
4795,59
4796,57
4797,59
4798,58
4799,58
4800,59
4801,59
4802,60
4803,60
4804,58
4805,59
4806,58
4807,60
4808,58
4809,59
4810,58
4811,59
4812,58
4813,59
4814,59
4815,58
4816,59
4817,58
4818,59
4819,59
4820,60
4821,59
4822,58
4823,58
4824,58
4825,60
4826,58
4827,60
4828,60
4829,58
4830,60
4831,58
4832,59
4833,58
4834,60
4835,59
4836,59
4837,59
4838,59
4839,59
4840,59
4841,59
4842,59
4843,60
4844,58
4845,60
4846,59
4847,58
4848,59
4849,59
4850,59
4851,59
4852,58
4853,58
4854,58
4855,60
4856,59
4857,58
4858,60
4859,58
4860,58
4861,59
4862,59
4863,59
4864,58
4865,60
4866,59
4867,59
4868,59
4869,59
4870,59
4871,59
4872,60
4873,59
4874,59
4875,58
4876,59
4877,58
4878,59
4879,59
4880,59
4881,59
4882,59
4883,59
4884,58
4885,59
4886,58
4887,59
4888,60
4889,59
4890,59
4891,58
4892,59
4893,58
4894,59
4895,60
4896,59
4897,60
4898,59
4899,59
4900,59
4901,59
4902,58
4903,59
4904,59
4905,59
4906,58
4907,58
4908,59
4909,59
4910,59
4911,58
4912,60
4913,59
4914,58
4915,58
4916,57
4917,59
4918,58
4919,59
4920,59
4921,60
4922,57
4923,59
4924,59
4925,59
4926,59
4927,59
4928,60
4929,60
4930,59
4931,58
4932,58
4933,58
4934,58
4935,59
4936,59
4937,60
4938,57
4939,59
4940,59
4941,60
4942,59
4943,58
4944,59
4945,58
4946,57
4947,60
4948,59
4949,59
4950,59
4951,58
4952,59
4953,59
4954,58
4955,60
4956,60
4957,58
4958,58
4959,58
4960,58
4961,59
4962,59
4963,59
4964,59
4965,59
4966,60
4967,59
4968,58
4969,58
4970,59
4971,59
4972,59
4973,59
4974,59
4975,60
4976,58
4977,58
4978,58
4979,59
4980,59
4981,59
4982,60
4983,61
4984,58
4985,58
4986,59
4987,59
4988,58
4989,59
4990,59
4991,60
4992,58
4993,58
4994,58
4995,59
4996,59
4997,59
4998,58
4999,58
5000,58
5001,59
5002,59
5003,59
5004,60
5005,59
5006,59
5007,59
5008,59
5009,59
5010,59
5011,58
5012,59
5013,60
5014,59
5015,59
5016,58
5017,61
5018,58
5019,61
5020,59
5021,60
5022,59
5023,58
5024,58
5025,59
5026,60
5027,59
5028,59
5029,59
5030,58
5031,59
5032,59
5033,59
5034,59
5035,58
5036,60
5037,60
5038,58
5039,59
5040,59
5041,59
5042,58
5043,60
5044,58
5045,59
5046,58
5047,59
5048,59
5049,58
5050,59
5051,58
5052,58
5053,59
5054,59
5055,59
5056,60
5057,59
5058,58
5059,60
5060,58
5061,61
5062,59
5063,60
5064,58
5065,60
5066,59
5067,60
5068,59
5069,59
5070,58
5071,59
5072,59
5073,59
5074,59
5075,57
5076,59
5077,59
5078,58
5079,58
5080,58
5081,59
5082,60
5083,59
5084,58
5085,60
5086,58
5087,58
5088,59
5089,59
5090,60
5091,60
5092,58
5093,60
5094,59
5095,58
5096,58
5097,59
5098,59
5099,59
5100,58
5101,59
5102,59
5103,58
5104,59
5105,60
5106,58
5107,59
5108,59
5109,59
5110,59
5111,60
5112,60
5113,59
5114,58
5115,59
5116,58
5117,60
5118,59
5119,59
5120,59
5121,59
5122,58
5123,59
5124,58
5125,60
5126,58
5127,59
5128,58
5129,58
5130,59
5131,58
5132,58
5133,60
5134,58
5135,58
5136,58
5137,59
5138,59
5139,59
5140,60
5141,59
5142,60
5143,58
5144,58
5145,59
5146,58
5147,59
5148,59
5149,60
5150,58
5151,58
5152,58
5153,59
5154,60
5155,59
5156,58
5157,59
5158,60
5159,58
5160,58
5161,59
5162,58
5163,59
5164,59
5165,60
5166,58
5167,57
5168,59
5169,59
5170,59
5171,59
5172,58
5173,59
5174,59
5175,59
5176,58
5177,58
5178,59
5179,59
5180,59
5181,60
5182,59
5183,58
5184,59
5185,57
5186,59
5187,58
5188,60
5189,60
5190,58
5191,59
5192,59
5193,59
5194,59
5195,58
5196,58
5197,59
5198,59
5199,59
5200,60
5201,58
5202,58
5203,59
5204,59
5205,59
5206,59
5207,59
5208,60
5209,58
5210,57
5211,58
5212,58
5213,59
5214,57
5215,60
5216,59
5217,58
5218,59
5219,57
5220,58
5221,59
5222,58
5223,59
5224,59
5225,59
5226,59
5227,59
5228,58
5229,59
5230,59
5231,60
5232,59
5233,59
5234,59
5235,57
5236,59
5237,60
5238,59
5239,59
5240,59
5241,59
5242,60
5243,58
5244,58
5245,58
5246,60
5247,59
5248,59
5249,60
5250,59
5251,60
5252,58
5253,58
5254,58
5255,59
5256,59
5257,59
5258,60
5259,58
5260,57
5261,59
5262,59
5263,60
5264,60
5265,59
5266,58
5267,58
5268,59
5269,58
5270,59
5271,59
5272,60
5273,58
5274,58
5275,58
5276,58
5277,59
5278,59
5279,59
5280,59
5281,59
5282,58
5283,58
5284,60
5285,59
5286,60
5287,58
5288,58
5289,60
5290,59
5291,59
5292,60
5293,60
5294,58
5295,60
5296,58
5297,58
5298,61
5299,59
5300,59
5301,59
5302,59
5303,59
5304,59
5305,60
5306,60
5307,58
5308,59
5309,57
5310,58
5311,59
5312,59
5313,59
5314,60
5315,58
5316,58
5317,58
5318,59
5319,60
5320,59
5321,60
5322,58
5323,59
5324,59
5325,59
5326,59
5327,61
5328,58
5329,60
5330,58
5331,60
5332,59
5333,59
5334,59
5335,57
5336,58
5337,59
5338,59
5339,59
5340,60
5341,59
5342,58
5343,58
5344,59
5345,59
5346,58
5347,58
5348,59
5349,57
5350,59
5351,60
5352,59
5353,59
5354,58
5355,58
5356,59
5357,59
5358,59
5359,59
5360,60
5361,59
5362,59
5363,57
5364,59
5365,58
5366,58
5367,59
5368,58
5369,59
5370,58
5371,58
5372,59
5373,59
5374,59
5375,58
5376,60
5377,60
5378,58
5379,59
5380,59
5381,58
5382,60
5383,59
5384,58
5385,58
5386,59
5387,58
5388,58
5389,58
5390,59
5391,59
5392,59
5393,58
5394,59
5395,58
5396,61
5397,59
5398,58
5399,59
5400,58
5401,58
5402,58
5403,60
5404,59
5405,58
5406,59
5407,60
5408,58
5409,58
5410,58
5411,59
5412,59
5413,59
5414,58
5415,59
5416,59
5417,59
5418,58
5419,60
5420,59
5421,59
5422,59
5423,58
5424,59
5425,58
5426,59
5427,59
5428,60
5429,59
5430,59
5431,59
5432,59
5433,58
5434,59
5435,59
5436,59
5437,59
5438,59
5439,60
5440,59
5441,58
5442,58
5443,58
5444,59
5445,59
5446,58
5447,59
5448,59
5449,59
5450,58
5451,58
5452,58
5453,60
5454,60
5455,59
5456,59
5457,59
5458,59
5459,59
5460,58
5461,58
5462,60
5463,59
5464,60
5465,58
5466,58
5467,59
5468,59
5469,59
5470,59
5471,58
5472,59
5473,60
5474,58
5475,58
5476,58
5477,58
5478,59
5479,58
5480,59
5481,59
5482,60
5483,58
5484,57
5485,58
5486,59
5487,60
5488,59
5489,58
5490,59
5491,60
5492,58
5493,58
5494,59
5495,59
5496,60
5497,59
5498,58
5499,59
5500,57
5501,59
5502,59
5503,59
5504,59
5505,58
5506,60
5507,60
5508,58
5509,59
5510,59
5511,58
5512,59
5513,59
5514,57
5515,58
5516,59
5517,58
5518,58
5519,59
5520,59
5521,60
5522,58
5523,58
5524,59
5525,58
5526,59
5527,58
5528,60
5529,59
5530,58
5531,57
5532,59
5533,58
5534,59
5535,58
5536,60
5537,58
5538,59
5539,58
5540,58
5541,60
5542,59
5543,59
5544,58
5545,59
5546,58
5547,58
5548,59
5549,59
5550,60
5551,58
5552,58
5553,58
5554,59
5555,60
5556,59
5557,59
5558,60
5559,58
5560,58
5561,58
5562,59
5563,59
5564,59
5565,58
5566,59
5567,57
5568,58
5569,59
5570,60
5571,60
5572,59
5573,59
5574,58
5575,58
5576,60
5577,59
5578,60
5579,58
5580,61
5581,58
5582,59
5583,58
5584,59
5585,59
5586,59
5587,59
5588,61
5589,59
5590,60
5591,58
5592,59
5593,61
5594,58
5595,61
5596,59
5597,59
5598,59
5599,58
5600,59
5601,58
5602,60
5603,59
5604,60
5605,58
5606,59
5607,59
5608,58
5609,59
5610,59
5611,60
5612,58
5613,58
5614,58
5615,59
5616,59
5617,58
5618,60
5619,58
5620,59
5621,59
5622,58
5623,59
5624,59
5625,58
5626,60
5627,59
5628,59
5629,58
5630,59
5631,59
5632,58
5633,59
5634,58
5635,58
5636,59
5637,59
5638,59
5639,59
5640,59
5641,59
5642,59
5643,59
5644,58
5645,59
5646,60
5647,58
5648,57
5649,59
5650,58
5651,59
5652,59
5653,58
5654,58
5655,58
5656,59
5657,58
5658,59
5659,60
5660,59
5661,59
5662,58
5663,59
5664,58
5665,60
5666,59
5667,59
5668,59
5669,58
5670,59
5671,58
5672,58
5673,59
5674,61
5675,59
5676,58
5677,59
5678,58
5679,58
5680,58
5681,60
5682,59
5683,58
5684,59
5685,60
5686,58
5687,58
5688,59
5689,59
5690,60
5691,59
5692,58
5693,59
5694,58
5695,58
5696,59
5697,60
5698,59
5699,59
5700,59
5701,58
5702,59
5703,58
5704,58
5705,58
5706,59
5707,58
5708,60
5709,59
5710,58
5711,59
5712,58
5713,59
5714,58
5715,60
5716,58
5717,60
5718,59
5719,60
5720,58
5721,57
5722,58
5723,59
5724,59
5725,59
5726,58
5727,59
5728,60
5729,58
5730,58
5731,60
5732,58
5733,60
5734,59
5735,58
5736,59
5737,58
5738,59
5739,58
5740,58
5741,59
5742,58
5743,59
5744,59
5745,59
5746,59
5747,59
5748,58
5749,60
5750,59
5751,59
5752,57
5753,59
5754,59
5755,58
5756,58
5757,58
5758,59
5759,59
5760,58
5761,59
5762,60
5763,58
5764,58
5765,58
5766,58
5767,61
5768,59
5769,58
5770,59
5771,58
5772,58
5773,58
5774,59
5775,59
5776,58
5777,59
5778,60
5779,58
5780,58
5781,58
5782,59
5783,61
5784,59
5785,59
5786,58
5787,58
5788,58
5789,59
5790,59
5791,60
5792,59
5793,59
5794,57
5795,59
5796,59
5797,61
5798,59
5799,60
5800,58
5801,58
5802,61
5803,58
5804,59
5805,59
5806,59
5807,59
5808,58
5809,61
5810,58
5811,60
5812,59
5813,60
5814,58
5815,58
5816,60
5817,59
5818,59
5819,59
5820,60
5821,58
5822,58
5823,58
5824,60
5825,60
5826,59
5827,59
5828,59
5829,58
5830,58
5831,59
5832,60
5833,60
5834,60
5835,58
5836,58
5837,58
5838,58
5839,60
5840,59
5841,58
5842,59
5843,58
5844,59
5845,60
5846,59
5847,59
5848,58
5849,59
5850,59
5851,59
5852,58
5853,58
5854,60
5855,59
5856,61
5857,58
5858,62
5859,59
5860,60
5861,58
5862,58
5863,59
5864,58
5865,60
5866,59
5867,59
5868,59
5869,58
5870,60
5871,59
5872,60
5873,59
5874,58
5875,58
5876,58
5877,58
5878,59
5879,60
5880,60
5881,59
5882,59
5883,58
5884,58
5885,58
5886,61
5887,59
5888,59
5889,59
5890,58
5891,59
5892,59
5893,60
5894,59
5895,58
5896,59
5897,57
5898,58
5899,59
5900,59
5901,59
5902,60
5903,58
5904,58
5905,59
5906,59
5907,59
5908,60
5909,59
5910,59
5911,59
5912,59
5913,59
5914,58
5915,58
5916,60
5917,59
5918,58
5919,59
5920,58
5921,58
5922,60
5923,61
5924,58
5925,61
5926,58
5927,58
5928,58
5929,59
5930,59
5931,59
5932,60
5933,59
5934,60
5935,58
5936,58
5937,58
5938,59
5939,59
5940,59
5941,60
5942,58
5943,58
5944,58
5945,59
5946,59
5947,59
5948,58
5949,59
5950,60
5951,58
5952,58
5953,58
5954,59
5955,59
5956,59
5957,58
5958,59
5959,58
5960,58
5961,58
5962,60
5963,59
5964,59
5965,59
5966,59
5967,59
5968,58
5969,58
5970,58
5971,59
5972,58
5973,59
5974,60
5975,59
5976,59
5977,58
5978,59
5979,59
5980,59
5981,58
5982,59
5983,59
5984,58
5985,59
5986,57
5987,59
5988,59
5989,59
5990,59
5991,59
5992,60
5993,59
5994,58
5995,58
5996,58
5997,59
5998,58
5999,59
6000,58
6001,59
6002,58
6003,59
6004,57
6005,58
6006,59
6007,60
6008,59
6009,59
6010,59
6011,59
6012,60
6013,58
6014,58
6015,59
6016,59
6017,59
6018,59
6019,59
6020,58
6021,58
6022,59
6023,59
6024,59
6025,59
6026,59
6027,59
6028,58
6029,59
6030,60
6031,59
6032,59
6033,59
6034,59
6035,59
6036,58
6037,59
6038,59
6039,60
6040,59
6041,57
6042,58
6043,57
6044,59
6045,58
6046,59
6047,59
6048,60
6049,58
6050,58
6051,59
6052,59
6053,59
6054,60
6055,58
6056,59
6057,58
6058,59
6059,58
6060,59
6061,59
6062,58
6063,59
6064,60
6065,59
6066,59
6067,58
6068,59
6069,59
6070,60
6071,59
6072,58
6073,59
6074,59
6075,58
6076,60
6077,59
6078,60
6079,59
6080,59
6081,58
6082,60
6083,58
6084,59
6085,59
6086,59
6087,58
6088,58
6089,59
6090,59
6091,60
6092,58
6093,60
6094,59
6095,59
6096,58
6097,60
6098,59
6099,59
6100,59
6101,58
6102,59
6103,59
6104,59
6105,60
6106,58
6107,59
6108,58
6109,61
6110,60
6111,59
6112,59
6113,58
6114,59
6115,58
6116,59
6117,59
6118,59
6119,59
6120,58
6121,59
6122,59
6123,59
6124,59
6125,58
6126,58
6127,58
6128,59
6129,59
6130,60
6131,60
6132,60
6133,59
6134,58
6135,58
6136,59
6137,60
6138,59
6139,60
6140,58
6141,57
6142,59
6143,58
6144,60
6145,59
6146,58
6147,58
6148,58
6149,59
6150,58
6151,60
6152,58
6153,58
6154,59
6155,58
6156,58
6157,59
6158,60
6159,59
6160,58
6161,59
6162,58
6163,59
6164,58
6165,58
6166,59
6167,59
6168,59
6169,60
6170,59
6171,59
6172,59
6173,59
6174,60
6175,60
6176,58
6177,60
6178,58
6179,59
6180,58
6181,59
6182,59
6183,60
6184,58
6185,58
6186,59
6187,59
6188,59
6189,59
6190,58
6191,59
6192,58
6193,59
6194,58
6195,58
6196,58
6197,61
6198,59
6199,58
6200,59
6201,58
6202,58
6203,58
6204,59
6205,58
6206,60
6207,58
6208,59
6209,59
6210,58
6211,59
6212,58
6213,60
6214,60
6215,59
6216,59
6217,60
6218,59
6219,59
6220,58
6221,59
6222,58
6223,59
6224,59
6225,58
6226,58
6227,59
6228,58
6229,59
6230,59
6231,59
6232,60
6233,60
6234,57
6235,58
6236,59
6237,59
6238,58
6239,58
6240,60
6241,60
6242,58
6243,59
6244,58
6245,57
6246,59
6247,60
6248,59
6249,59
6250,59
6251,59
6252,59
6253,58
6254,58
6255,58
6256,59
6257,59
6258,58
6259,59
6260,58
6261,59
6262,58
6263,58
6264,58
6265,60
6266,60
6267,58
6268,59
6269,59
6270,59
6271,59
6272,58
6273,57
6274,60
6275,59
6276,58
6277,58
6278,58
6279,59
6280,58
6281,59
6282,60
6283,58
6284,59
6285,58
6286,59
6287,59
6288,58
6289,59
6290,58
6291,59
6292,59
6293,59
6294,58
6295,58
6296,59
6297,60
6298,59
6299,59
6300,59
6301,59
6302,59
6303,58
6304,60
6305,58
6306,58
6307,59
6308,60
6309,59
6310,58
6311,59
6312,58
6313,59
6314,59
6315,60
6316,58
6317,57
6318,58
6319,59
6320,60
6321,60
6322,58
6323,58
6324,58
6325,59
6326,58
6327,59
6328,59
6329,58
6330,59
6331,59
6332,58
6333,58
6334,59
6335,59
6336,59
6337,59
6338,60
6339,59
6340,59
6341,59
6342,58
6343,58
6344,59
6345,57
6346,58
6347,59
6348,59
6349,58
6350,60
6351,59
6352,59
6353,59
6354,58
6355,59
6356,59
6357,59
6358,59
6359,58
6360,59
6361,59
6362,59
6363,59
6364,60
6365,58
6366,59
6367,59
6368,60
6369,60
6370,61
6371,58
6372,61
6373,58
6374,59
6375,59
6376,59
6377,59
6378,60
6379,58
6380,59
6381,58
6382,59
6383,60
6384,58
6385,60
6386,58
6387,59
6388,60
6389,59
6390,59
6391,60
6392,60
6393,58
6394,59
6395,59
6396,60
6397,58
6398,59
6399,59
6400,59
6401,58
6402,59
6403,60
6404,58
6405,59
6406,60
6407,58
6408,59
6409,59
6410,59
6411,58
6412,60
6413,58
6414,59
6415,58
6416,59
6417,58
6418,60
6419,59
6420,59
6421,59
6422,59
6423,58
6424,59
6425,60
6426,59
6427,60
6428,59
6429,58
6430,58
6431,58
6432,59
6433,58
6434,60
6435,59
6436,60
6437,59
6438,58
6439,58
6440,58
6441,59
6442,61
6443,58
6444,58
6445,58
6446,58
6447,58
6448,59
6449,59
6450,58
6451,59
6452,60
6453,58
6454,58
6455,60
6456,59
6457,59
6458,59
6459,59
6460,59
6461,58
6462,59
6463,59
6464,60
6465,59
6466,59
6467,59
6468,58
6469,58
6470,59
6471,58
6472,58
6473,61
6474,59
6475,59
6476,59
6477,58
6478,59
6479,59
6480,58
6481,59
6482,60
6483,59
6484,58
6485,58
6486,58
6487,59
6488,58
6489,59
6490,58
6491,60
6492,60
6493,60
6494,58
6495,58
6496,59
6497,59
6498,59
6499,59
6500,59
6501,60
6502,58
6503,58
6504,57
6505,58
6506,59
6507,59
6508,59
6509,58
6510,59
6511,59
6512,59
6513,58
6514,58
6515,59
6516,59
6517,59
6518,58
6519,59
6520,60
6521,59
6522,58
6523,59
6524,59
6525,59
6526,57
6527,60
6528,59
6529,58
6530,58
6531,59
6532,58
6533,58
6534,59
6535,59
6536,60
6537,58
6538,58
6539,59
6540,58
6541,59
6542,58
6543,60
6544,59
6545,58
6546,58
6547,59
6548,58
6549,58
6550,60
6551,59
6552,59
6553,60
6554,57
6555,59
6556,58
6557,59
6558,58
6559,60
6560,59
6561,58
6562,59
6563,58
6564,58
6565,58
6566,61
6567,59
6568,58
6569,60
6570,58
6571,58
6572,59
6573,59
6574,59
6575,59
6576,59
6577,59
6578,58
6579,59
6580,60
6581,59
6582,58
6583,58
6584,58
6585,58
6586,59
6587,60
6588,60
6589,59
6590,59
6591,59
6592,59
6593,58
6594,59
6595,58
6596,58
6597,59
6598,60
6599,58
6600,59
6601,59
6602,59
6603,59
6604,59
6605,60
6606,58
6607,59
6608,60
6609,58
6610,60
6611,59
6612,59
6613,60
6614,58
6615,59
6616,59
6617,58
6618,59
6619,59
6620,58
6621,59
6622,59
6623,61
6624,58
6625,60
6626,59
6627,60
6628,58
6629,59
6630,59
6631,59
6632,60
6633,59
6634,58
6635,59
6636,58
6637,60
6638,59
6639,59
6640,59
6641,58
6642,58
6643,59
6644,60
6645,59
6646,60
6647,59
6648,59
6649,60
6650,58
6651,60
6652,59
6653,58
6654,58
6655,58
6656,60
6657,59
6658,59
6659,60
6660,59
6661,60
6662,59
6663,59
6664,58
6665,60
6666,59
6667,59
6668,59
6669,59
6670,60
6671,59
6672,60
6673,59
6674,60
6675,58
6676,58
6677,60
6678,59
6679,59
6680,60
6681,60
6682,58
6683,59
6684,59
6685,58
6686,60
6687,59
6688,60
6689,58
6690,59
6691,58
6692,58
6693,60
6694,59
6695,58
6696,59
6697,58
6698,59
6699,58
6700,60
6701,59
6702,59
6703,59
6704,58
6705,58
6706,58
6707,60
6708,59
6709,59
6710,59
6711,58
6712,59
6713,58
6714,58
6715,59
6716,59
6717,59
6718,59
6719,59
6720,59
6721,59
6722,59
6723,60
6724,57
6725,58
6726,59
6727,58
6728,59
6729,58
6730,59
6731,59
6732,60
6733,59
6734,58
6735,59
6736,57
6737,57
6738,59
6739,59
6740,59
6741,59
6742,59
6743,59
6744,59
6745,58
6746,59
6747,59
6748,59
6749,59
6750,58
6751,58
6752,58
6753,59
6754,58
6755,58
6756,58
6757,60
6758,60
6759,59
6760,59
6761,59
6762,59
6763,59
6764,58
6765,58
6766,59
6767,59
6768,58
6769,60
6770,59
6771,57
6772,59
6773,59
6774,59
6775,60
6776,59
6777,58
6778,59
6779,60
6780,57
6781,58
6782,59
6783,59
6784,59
6785,59
6786,58
6787,59
6788,58
6789,59
6790,58
6791,58
6792,58
6793,61
6794,60
6795,59
6796,59
6797,58
6798,59
6799,58
6800,59
6801,59
6802,60
6803,59
6804,58
6805,59
6806,58
6807,59
6808,58
6809,60
6810,60
6811,59
6812,59
6813,58
6814,59
6815,58
6816,60
6817,59
6818,59
6819,59
6820,58
6821,58
6822,58
6823,58
6824,59
6825,61
6826,59
6827,58
6828,59
6829,58
6830,58
6831,58
6832,58
6833,59
6834,60
6835,58
6836,58
6837,58
6838,59
6839,59
6840,59
6841,59
6842,60
6843,58
6844,58
6845,59
6846,59
6847,59
6848,60
6849,60
6850,59
6851,59
6852,58
6853,58
6854,58
6855,61
6856,59
6857,59
6858,59
6859,58
6860,60
6861,59
6862,60
6863,59
6864,60
6865,58
6866,59
6867,59
6868,59
6869,60
6870,60
6871,58
6872,60
6873,58
6874,61
6875,58
6876,61
6877,59
6878,59
6879,59
6880,58
6881,59
6882,58
6883,59
6884,61
6885,58
6886,58
6887,59
6888,61
6889,58
6890,60
6891,59
6892,60
6893,58
6894,60
6895,59
6896,59
6897,58
6898,59
6899,58
6900,61
6901,59
6902,61
6903,60
6904,59
6905,59
6906,58
6907,58
6908,59
6909,60
6910,59
6911,60
6912,58
6913,59
6914,59
6915,58
6916,59
6917,61
6918,58
6919,59
6920,58
6921,58
6922,59
6923,59
6924,59
6925,59
6926,58
6927,61
6928,59
6929,58
6930,60
6931,59
6932,59
6933,59
6934,61
6935,59
6936,59
6937,60
6938,59
6939,58
6940,59
6941,58
6942,58
6943,59
6944,59
6945,60
6946,60
6947,58
6948,58
6949,59
6950,59
6951,60
6952,59
6953,59
6954,60
6955,57
6956,59
6957,59
6958,59
6959,59
6960,60
6961,58
6962,58
6963,59
6964,58
6965,59
6966,58
6967,58
6968,60
6969,60
6970,58
6971,59
6972,59
6973,59
6974,59
6975,59
6976,59
6977,60
6978,59
6979,59
6980,59
6981,59
6982,58
6983,59
6984,60
6985,59
6986,59
6987,58
6988,59
6989,58
6990,59
6991,60
6992,60
6993,58
6994,58
6995,59
6996,58
6997,59
6998,58
6999,60
7000,60
7001,58
7002,58
7003,58
7004,59
7005,59
7006,59
7007,59
7008,60
7009,59
7010,58
7011,59
7012,57
7013,59
7014,59
7015,59
7016,59
7017,59
7018,58
7019,60
7020,58
7021,58
7022,59
7023,58
7024,60
7025,59
7026,58
7027,59
7028,58
7029,59
7030,57
7031,58
7032,59
7033,60
7034,59
7035,58
7036,59
7037,59
7038,59
7039,58
7040,58
7041,58
7042,59
7043,58
7044,59
7045,59
7046,59
7047,59
7048,59
7049,59
7050,59
7051,60
7052,60
7053,58
7054,58
7055,56
7056,58
7057,58
7058,59
7059,58
7060,60
7061,59
7062,58
7063,59
7064,56
7065,58
7066,59
7067,59
7068,59
7069,59
7070,60
7071,59
7072,58
7073,59
7074,59
7075,59
7076,60
7077,59
7078,59
7079,59
7080,57
7081,59
7082,59
7083,59
7084,59
7085,58
7086,58
7087,59
7088,59
7089,59
7090,59
7091,58
7092,60
7093,60
7094,59
7095,59
7096,58
7097,59
7098,58
7099,59
7100,59
7101,60
7102,58
7103,58
7104,58
7105,58
7106,59
7107,59
7108,59
7109,59
7110,59
7111,59
7112,58
7113,60
7114,59
7115,59
7116,59
7117,60
7118,58
7119,58
7120,61
7121,58
7122,60
7123,59
7124,58
7125,58
7126,59
7127,59
7128,58
7129,58
7130,58
7131,58
7132,60
7133,59
7134,59
7135,58
7136,58
7137,59
7138,59
7139,61
7140,59
7141,60
7142,58
7143,58
7144,58
7145,59
7146,60
7147,59
7148,60
7149,58
7150,60
7151,59
7152,59
7153,59
7154,60
7155,58
7156,60
7157,59
7158,60
7159,59
7160,59
7161,59
7162,60
7163,58
7164,59
7165,59
7166,58
7167,59
7168,58
7169,58
7170,58
7171,58
7172,61
7173,59
7174,59
7175,59
7176,58
7177,58
7178,59
7179,59
7180,60
7181,60
7182,58
7183,58
7184,59
7185,58
7186,59
7187,59
7188,58
7189,58
7190,58
7191,58
7192,59
7193,60
7194,59
7195,58
7196,58
7197,58
7198,58
7199,59
7200,60
7201,60
7202,59
7203,59
7204,58
7205,59
7206,58
7207,61
7208,59
7209,58
7210,58
7211,59
7212,58
7213,59
7214,59
7215,59
7216,57
7217,59
7218,57
7219,58
7220,58
7221,58
7222,59
7223,59
7224,59
7225,60
7226,59
7227,58
7228,58
7229,59
7230,59
7231,60
7232,58
7233,59
7234,57
7235,59
7236,59
7237,59
7238,59
7239,58
7240,60
7241,60
7242,58
7243,59
7244,59
7245,58
7246,59
7247,59
7248,60
7249,58
7250,57
7251,59
7252,59
7253,59
7254,59
7255,59
7256,60
7257,58
7258,59
7259,58
7260,59
7261,58
7262,60
7263,59
7264,58
7265,59
7266,60
7267,58
7268,58
7269,59
7270,59
7271,60
7272,59
7273,58
7274,59
7275,59
7276,59
7277,59
7278,60
7279,59
7280,59
7281,59
7282,59
7283,59
7284,58
7285,58
7286,58
7287,59
7288,58
7289,60
7290,59
7291,58
7292,59
7293,58
7294,57
7295,59
7296,59
7297,58
7298,60
7299,59
7300,60
7301,58
7302,57
7303,60
7304,59
7305,59
7306,59
7307,58
7308,60
7309,60
7310,58
7311,58
7312,58
7313,59
7314,57
7315,60
7316,59
7317,59
7318,58
7319,59
7320,58
7321,58
7322,59
7323,59
7324,59
7325,58
7326,59
7327,60
7328,59
7329,58
7330,58
7331,59
7332,59
7333,59
7334,59
7335,58
7336,58
7337,58
7338,58
7339,59
7340,59
7341,58
7342,59
7343,60
7344,58
7345,58
7346,58
7347,59
7348,59
7349,58
7350,59
7351,59
7352,58
7353,59
7354,59
7355,60
7356,59
7357,58
7358,59
7359,57
7360,59
7361,58
7362,59
7363,59
7364,60
7365,58
7366,58
7367,59
7368,59
7369,59
7370,60
7371,59
7372,59
7373,58
7374,59
7375,58
7376,59
7377,59
7378,58
7379,59
7380,58
7381,58
7382,59
7383,59
7384,59
7385,58
7386,60
7387,59
7388,59
7389,58
7390,59
7391,58
7392,58
7393,59
7394,59
7395,59
7396,58
7397,60
7398,59
7399,58
7400,59
7401,58
7402,60
7403,59
7404,59
7405,58
7406,58
7407,60
7408,58
7409,60
7410,58
7411,61
7412,59
7413,59
7414,59
7415,59
7416,58
7417,58
7418,59
7419,59
7420,59
7421,58
7422,58
7423,59
7424,59
7425,61
7426,59
7427,60
7428,58
7429,58
7430,58
7431,59
7432,60
7433,59
7434,58
7435,61
7436,58
7437,58
7438,59
7439,60
7440,60
7441,59
7442,58
7443,58
7444,59
7445,58
7446,60
7447,59
7448,59
7449,59
7450,59
7451,59
7452,59
7453,60
7454,59
7455,60
7456,58
7457,59
7458,58
7459,59
7460,59
7461,59
7462,58
7463,58
7464,58
7465,58
7466,59
7467,59
7468,60
7469,60
7470,59
7471,59
7472,59
7473,59
7474,59
7475,58
7476,60
7477,59
7478,59
7479,59
7480,58
7481,58
7482,58
7483,61
7484,59
7485,58
7486,59
7487,58
7488,58
7489,59
7490,59
7491,59
7492,59
7493,59
7494,59
7495,59
7496,59
7497,59
7498,59
7499,59
7500,60
7501,59
7502,58
7503,59
7504,59
7505,59
7506,60
7507,59
7508,60
7509,59
7510,58
7511,58
7512,59
7513,59
7514,59
7515,59
7516,60
7517,58
7518,58
7519,58
7520,58
7521,59
7522,59
7523,59
7524,60
7525,58
7526,58
7527,58
7528,59
7529,59
7530,58
7531,60
7532,59
7533,59
7534,59
7535,59
7536,58
7537,58
7538,58
7539,59
7540,59
7541,58
7542,58
7543,59
7544,58
7545,58
7546,58
7547,59
7548,58
7549,60
7550,60
7551,59
7552,59
7553,58
7554,59
7555,59
7556,59
7557,59
7558,60
7559,59
7560,58
7561,58
7562,57
7563,59
7564,57
7565,57
7566,59
7567,58
7568,60
7569,59
7570,58
7571,59
7572,59
7573,59
7574,60
7575,60
7576,59
7577,59
7578,60
7579,58
7580,58
7581,59
7582,59
7583,60
7584,59
7585,59
7586,59
7587,60
7588,59
7589,58
7590,58
7591,58
7592,61
7593,59
7594,58
7595,58
7596,58
7597,58
7598,58
7599,59
7600,59
7601,58
7602,59
7603,60
7604,58
7605,58
7606,58
7607,59
7608,61
7609,59
7610,58
7611,59
7612,58
7613,58
7614,60
7615,59
7616,59
7617,59
7618,59
7619,58
7620,58
7621,59
7622,59
7623,59
7624,58
7625,60
7626,60
7627,58
7628,59
7629,59
7630,58
7631,60
7632,59
7633,58
7634,59
7635,59
7636,58
7637,59
7638,59
7639,59
7640,58
7641,59
7642,58
7643,59
7644,58
7645,58
7646,59
7647,58
7648,58
7649,60
7650,58
7651,60
7652,59
7653,59
7654,59
7655,60
7656,59
7657,59
7658,58
7659,59
7660,60
7661,58
7662,59
7663,58
7664,60
7665,58
7666,60
7667,59
7668,60
7669,59
7670,57
7671,59
7672,58
7673,60
7674,59
7675,58
7676,59
7677,59
7678,58
7679,60
7680,59
7681,59
7682,60
7683,60
7684,58
7685,60
7686,59
7687,60
7688,60
7689,60
7690,58
7691,59
7692,58
7693,59
7694,58
7695,60
7696,58
7697,60
7698,58
7699,58
7700,59
7701,59
7702,59
7703,59
7704,59
7705,58
7706,59
7707,59
7708,58
7709,59
7710,57
7711,59
7712,58
7713,60
7714,59
7715,59
7716,58
7717,58
7718,59
7719,59
7720,59
7721,59
7722,60
7723,58
7724,60
7725,58
7726,58
7727,59
7728,59
7729,59
7730,59
7731,60
7732,59
7733,58
7734,60
7735,59
7736,59
7737,60
7738,58
7739,59
7740,58
7741,59
7742,60
7743,60
7744,59
7745,60
7746,58
7747,57
7748,58
7749,59
7750,60
7751,60
7752,58
7753,58
7754,58
7755,59
7756,59
7757,59
7758,60
7759,58
7760,60
7761,58
7762,59
7763,60
7764,60
7765,58
7766,60
7767,59
7768,59
7769,59
7770,58
7771,59
7772,58
7773,60
7774,60
7775,59
7776,59
7777,58
7778,59
7779,59
7780,58
7781,59
7782,59
7783,59
7784,59
7785,59
7786,58
7787,59
7788,58
7789,60
7790,59
7791,60
7792,59
7793,58
7794,58
7795,59
7796,56
7797,58
7798,59
7799,59
7800,60
7801,57
7802,59
7803,59
7804,59
7805,59
7806,59
7807,59
7808,59
7809,60
7810,58
7811,60
7812,58
7813,58
7814,59
7815,59
7816,60
7817,57
7818,59
7819,59
7820,59
7821,58
7822,58
7823,58
7824,59
7825,59
7826,59
7827,58
7828,59
7829,58
7830,58
7831,58
7832,59
7833,59
7834,60
7835,59
7836,58
7837,59
7838,58
7839,59
7840,58
7841,60
7842,60
7843,59
7844,59
7845,58
7846,59
7847,59
7848,58
7849,59
7850,58
7851,59
7852,59
7853,59
7854,58
7855,58
7856,59
7857,60
7858,59
7859,59
7860,59
7861,58
7862,59
7863,58
7864,60
7865,59
7866,59
7867,59
7868,58
7869,59
7870,58
7871,59
7872,59
7873,60
7874,59
7875,58
7876,61
7877,57
7878,58
7879,59
7880,60
7881,59
7882,58
7883,59
7884,60
7885,60
7886,58
7887,59
7888,58
7889,59
7890,59
7891,60
7892,58
7893,59
7894,59
7895,58
7896,60
7897,60
7898,59
7899,59
7900,60
7901,58
7902,58
7903,60
7904,61
7905,58
7906,59
7907,58
7908,58
7909,59
7910,59
7911,60
7912,58
7913,59
7914,58
7915,59
7916,58
7917,60
7918,59
7919,58
7920,59
7921,58
7922,59
7923,58
7924,61
7925,59
7926,60
7927,58
7928,59
7929,59
7930,58
7931,59
7932,61
7933,58
7934,58
7935,59
7936,58
7937,59
7938,59
7939,59
7940,60
7941,58
7942,58
7943,59
7944,59
7945,58
7946,61
7947,59
7948,59
7949,58
7950,58
7951,60
7952,59
7953,59
7954,59
7955,59
7956,61
7957,60
7958,60
7959,58
7960,59
7961,58
7962,58
7963,59
7964,59
7965,59
7966,60
7967,58
7968,58
7969,59
7970,58
7971,60
7972,60
7973,59
7974,59
7975,59
7976,59
7977,58
7978,60
7979,59
7980,58
7981,61
7982,58
7983,58
7984,58
7985,59
7986,59
7987,60
7988,60
7989,59
7990,59
7991,59
7992,60
7993,58
7994,60
7995,59
7996,60
7997,59
7998,58
7999,58
8000,59
8001,59
8002,59
8003,58
8004,59
8005,58
8006,59
8007,58
8008,59
8009,59
8010,60
8011,58
8012,57
8013,61
8014,59
8015,60
8016,60
8017,58
8018,58
8019,58
8020,58
8021,59
8022,59
8023,58
8024,60
8025,59
8026,58
8027,60
8028,59
8029,59
8030,58
8031,59
8032,60
8033,60
8034,60
8035,58
8036,59
8037,57
8038,58
8039,60
8040,58
8041,59
8042,59
8043,59
8044,59
8045,58
8046,59
8047,59
8048,59
8049,59
8050,59
8051,58
8052,59
8053,58
8054,59
8055,60
8056,58
8057,59
8058,58
8059,58
8060,59
8061,58
8062,58
8063,60
8064,57
8065,60
8066,60
8067,59
8068,57
8069,58
8070,58
8071,59
8072,58
8073,59
8074,58
8075,59
8076,58
8077,59
8078,58
8079,59
8080,59
8081,59
8082,59
8083,58
8084,59
8085,60
8086,58
8087,58
8088,58
8089,58
8090,61
8091,59
8092,58
8093,59
8094,58
8095,59
8096,59
8097,58
8098,60
8099,60
8100,59
8101,58
8102,58
8103,58
8104,59
8105,58
8106,59
8107,58
8108,60
8109,59
8110,58
8111,58
8112,59
8113,58
8114,58
8115,60
8116,59
8117,58
8118,58
8119,60
8120,57
8121,58
8122,59
8123,57
8124,60
8125,59
8126,58
8127,59
8128,58
8129,58
8130,59
8131,60
8132,59
8133,59
8134,59
8135,58
8136,58
8137,58
8138,59
8139,59
8140,58
8141,59
8142,60
8143,58
8144,59
8145,60
8146,59
8147,59
8148,59
8149,60
8150,58
8151,58
8152,59
8153,58
8154,59
8155,60
8156,60
8157,58
8158,58
8159,58
8160,59
8161,58
8162,59
8163,59
8164,57
8165,59
8166,58
8167,58
8168,58
8169,59
8170,59
8171,59
8172,59
8173,59
8174,59
8175,59
8176,59
8177,59
8178,58
8179,59
8180,60
8181,58
8182,59
8183,61
8184,58
8185,60
8186,59
8187,59
8188,59
8189,58
8190,59
8191,59
8192,59
8193,59
8194,58
8195,60
8196,59
8197,61
8198,59
8199,60
8200,58
8201,58
8202,59
8203,58
8204,61
8205,59
8206,60
8207,58
8208,59
8209,59
8210,58
8211,60
8212,59
8213,59
8214,59
8215,58
8216,59
8217,60
8218,58
8219,60
8220,58
8221,60
8222,59
8223,61
8224,59
8225,60
8226,58
8227,58
8228,59
8229,59
8230,61
8231,60
8232,58
8233,60
8234,58
8235,59
8236,58
8237,59
8238,59
8239,60
8240,59
8241,60
8242,58
8243,59
8244,59
8245,59
8246,58
8247,60
8248,58
8249,59
8250,58
8251,60
8252,60
8253,58
8254,59
8255,59
8256,59
8257,58
8258,60
8259,59
8260,59
8261,59
8262,58
8263,59
8264,58
8265,58
8266,59
8267,61
8268,59
8269,58
8270,61
8271,58
8272,58
8273,59
8274,59
8275,59
8276,60
8277,58
8278,58
8279,59
8280,59
8281,59
8282,59
8283,59
8284,60
8285,59
8286,59
8287,59
8288,59
8289,58
8290,59
8291,60
8292,59
8293,59
8294,58
8295,59
8296,58
8297,59
8298,60
8299,60
8300,58
8301,58
8302,59
8303,58
8304,59
8305,58
8306,60
8307,59
8308,58
8309,59
8310,58
8311,56
8312,58
8313,60
8314,60
8315,59
8316,59
8317,58
8318,59
8319,59
8320,58
8321,59
8322,59
8323,59
8324,59
8325,57
8326,58
8327,59
8328,58
8329,57
8330,58
8331,59
8332,58
8333,58
8334,61
8335,59
8336,58
8337,59
8338,59
8339,59
8340,58
8341,58
8342,59
8343,61
8344,59
8345,60
8346,58
8347,58
8348,59
8349,59
8350,59
8351,58
8352,59
8353,60
8354,58
8355,58
8356,58
8357,59
8358,59
8359,59
8360,58
8361,60
8362,59
8363,58
8364,58
8365,59
8366,57
8367,58
8368,59
8369,59
8370,58
8371,60
8372,60
8373,59
8374,59
8375,59
8376,59
8377,60
8378,59
8379,59
8380,59
8381,58
8382,59
8383,59
8384,59
8385,59
8386,58
8387,60
8388,59
8389,59
8390,59
8391,59
8392,59
8393,60
8394,60
8395,59
8396,59
8397,58
8398,59
8399,58
8400,59
8401,59
8402,60
8403,58
8404,58
8405,59
8406,58
8407,59
8408,59
8409,58
8410,59
8411,60
8412,61
8413,58
8414,58
8415,59
8416,59
8417,59
8418,59
8419,59
8420,58
8421,59
8422,60
8423,59
8424,59
8425,60
8426,58
8427,57
8428,59
8429,59
8430,58
8431,59
8432,60
8433,58
8434,58
8435,59
8436,60
8437,60
8438,60
8439,59
8440,59
8441,58
8442,61
8443,58
8444,59
8445,59
8446,59
8447,59
8448,57
8449,59
8450,60
8451,59
8452,59
8453,58
8454,58
8455,58
8456,59
8457,58
8458,61
8459,59
8460,60
8461,58
8462,59
8463,59
8464,58
8465,59
8466,59
8467,58
8468,59
8469,59
8470,58
8471,59
8472,60
8473,59
8474,60
8475,58
8476,59
8477,59
8478,59
8479,60
8480,58
8481,58
8482,59
8483,59
8484,59
8485,60
8486,58
8487,59
8488,58
8489,58
8490,59
8491,60
8492,59
8493,59
8494,58
8495,58
8496,59
8497,58
8498,60
8499,59
8500,58
8501,59
8502,58
8503,59
8504,58
8505,61
8506,59
8507,60
8508,58
8509,58
8510,60
8511,59
8512,60
8513,59
8514,59
8515,59
8516,58
8517,59
8518,58
8519,59
8520,59
8521,60
8522,58
8523,58
8524,58
8525,58
8526,59
8527,59
8528,59
8529,59
8530,58
8531,59
8532,58
8533,60
8534,59
8535,58
8536,59
8537,60
8538,59
8539,58
8540,59
8541,60
8542,59
8543,59
8544,60
8545,58
8546,58
8547,58
8548,59
8549,59
8550,59
8551,58
8552,59
8553,58
8554,59
8555,58
8556,59
8557,59
8558,60
8559,59
8560,59
8561,59
8562,60
8563,58
8564,58
8565,58
8566,59
8567,59
8568,59
8569,60
8570,59
8571,58
8572,57
8573,58
8574,59
8575,59
8576,60
8577,59
8578,58
8579,59
8580,58
8581,59
8582,58
8583,59
8584,60
8585,58
8586,59
8587,58
8588,58
8589,59
8590,58
8591,57
8592,59
8593,59
8594,59
8595,59
8596,60
8597,58
8598,58
8599,58
8600,58
8601,60
8602,59
8603,58
8604,59
8605,58
8606,59
8607,58
8608,58
8609,59
8610,59
8611,59
8612,58
8613,59
8614,58
8615,59
8616,58
8617,58
8618,58
8619,61
8620,60
8621,59
8622,59
8623,59
8624,59
8625,59
8626,58
8627,57
8628,60
8629,59
8630,58
8631,58
8632,58
8633,59
8634,58
8635,59
8636,60
8637,58
8638,59
8639,58
8640,58
8641,59
8642,58
8643,58
8644,60
8645,59
8646,58
8647,58
8648,58
8649,58
8650,58
8651,59
8652,59
8653,60
8654,60
8655,59
8656,59
8657,58
8658,59
8659,60
8660,59
8661,59
8662,60
8663,58
8664,58
8665,59
8666,59
8667,58
8668,60
8669,58
8670,61
8671,59
8672,58
8673,59
8674,58
8675,58
8676,59
8677,59
8678,59
8679,60
8680,58
8681,58
8682,59
8683,59
8684,61
8685,59
8686,60
8687,58
8688,60
8689,58
8690,58
8691,60
8692,59
8693,58
8694,59
8695,60
8696,59
8697,58
8698,60
8699,59
8700,59
8701,59
8702,60
8703,58
8704,60
8705,59
8706,58
8707,60
8708,60
8709,58
8710,59
8711,59
8712,60
8713,58
8714,60
8715,59
8716,60
8717,59
8718,59
8719,60
8720,59
8721,60
8722,58
8723,59
8724,59
8725,60
8726,59
8727,61
8728,58
8729,61
8730,58
8731,60
8732,59
8733,58
8734,59
8735,58
8736,58
8737,59
8738,59
8739,58
8740,60
8741,59
8742,60
8743,59
8744,59
8745,60
8746,59
8747,59
8748,59
8749,60
8750,58
8751,58
8752,58
8753,58
8754,60
8755,59
8756,59
8757,59
8758,58
8759,59
8760,58
8761,60
8762,59
8763,60
8764,58
8765,58
8766,60
8767,59
8768,59
8769,59
8770,60
8771,58
8772,61
8773,59
8774,58
8775,60
8776,59
8777,58
8778,58
8779,59
8780,59
8781,58
8782,60
8783,59
8784,59
8785,59
8786,58
8787,59
8788,58
8789,61
8790,59
8791,58
8792,59
8793,58
8794,59
8795,58
8796,58
8797,59
8798,59
8799,59
8800,58
8801,59
8802,58
8803,58
8804,59
8805,59
8806,59
8807,60
8808,58
8809,58
8810,58
8811,59
8812,59
8813,59
8814,60
8815,58
8816,58
8817,58
8818,59
8819,59
8820,59
8821,59
8822,59
8823,60
8824,58
8825,58
8826,58
8827,59
8828,59
8829,59
8830,60
8831,59
8832,60
8833,58
8834,58
8835,59
8836,58
8837,59
8838,59
8839,60
8840,59
8841,57
8842,58
8843,59
8844,60
8845,59
8846,58
8847,59
8848,59
8849,59
8850,58
8851,57
8852,58
8853,59
8854,59
8855,58
8856,59
8857,58
8858,59
8859,58
8860,59
8861,58
8862,60
8863,60
8864,58
8865,59
8866,59
8867,57
8868,59
8869,59
8870,58
8871,59
8872,59
8873,59
8874,60
8875,58
8876,58
8877,58
8878,58
8879,59
8880,57
8881,59
8882,58
8883,59
8884,58
8885,59
8886,57
8887,57
8888,59
8889,59
8890,59
8891,59
8892,59
8893,59
8894,58
8895,59
8896,59
8897,59
8898,59
8899,59
8900,60
8901,59
8902,58
8903,58
8904,59
8905,59
8906,59
8907,58
8908,59
8909,60
8910,58
8911,58
8912,58
8913,58
8914,61
8915,59
8916,58
8917,59
8918,58
8919,58
8920,58
8921,60
8922,59
8923,60
8924,59
8925,58
8926,58
8927,59
8928,59
8929,59
8930,59
8931,60
8932,59
8933,59
8934,59
8935,59
8936,58
8937,59
8938,59
8939,58
8940,58
8941,58
8942,59
8943,58
8944,60
8945,59
8946,58
8947,61
8948,58
8949,58
8950,59
8951,60
8952,59
8953,58
8954,59
8955,58
8956,58
8957,58
8958,60
8959,59
8960,60
8961,58
8962,58
8963,59
8964,59
8965,58
8966,59
8967,60
8968,58
8969,58
8970,58
8971,59
8972,60
8973,59
8974,59
8975,59
8976,58
8977,58
8978,59
8979,59
8980,59
8981,60
8982,59
8983,58
8984,60
8985,58
8986,59
8987,59
8988,58
8989,60
8990,59
8991,59
8992,59
8993,58
8994,58
8995,59
8996,59
8997,59
8998,60
8999,59
9000,59
9001,59
9002,60
9003,60
9004,59
9005,59
9006,58
9007,60
9008,59
9009,59
9010,59
9011,59
9012,60
9013,58
9014,59
9015,59
9016,59
9017,59
9018,59
9019,60
9020,58
9021,59
9022,60
9023,60
9024,58
9025,59
9026,58
9027,59
9028,58
9029,59
9030,59
9031,60
9032,59
9033,60
9034,58
9035,59
9036,59
9037,59
9038,59
9039,60
9040,60
9041,58
9042,59
9043,58
9044,58
9045,60
9046,59
9047,59
9048,59
9049,59
9050,58
9051,59
9052,59
9053,59
9054,58
9055,59
9056,58
9057,58
9058,58
9059,60
9060,59
9061,58
9062,59
9063,58
9064,58
9065,58
9066,60
9067,59
9068,58
9069,60
9070,58
9071,58
9072,59
9073,59
9074,59
9075,60
9076,60
9077,58
9078,58
9079,59
9080,59
9081,59
9082,60
9083,60
9084,58
9085,58
9086,58
9087,59
9088,59
9089,59
9090,60
9091,60
9092,59
9093,58
9094,58
9095,59
9096,59
9097,59
9098,59
9099,59
9100,59
9101,58
9102,58
9103,58
9104,59
9105,59
9106,59
9107,60
9108,59
9109,58
9110,58
9111,58
9112,59
9113,57
9114,60
9115,59
9116,58
9117,59
9118,58
9119,59
9120,58
9121,58
9122,60
9123,58
9124,59
9125,57
9126,58
9127,59
9128,58
9129,58
9130,59
9131,59
9132,60
9133,60
9134,59
9135,59
9136,59
9137,59
9138,59
9139,60
9140,60
9141,59
9142,58
9143,58
9144,58
9145,59
9146,59
9147,58
9148,59
9149,59
9150,58
9151,59
9152,58
9153,58
9154,59
9155,60
9156,59
9157,61
9158,59
9159,58
9160,59
9161,58
9162,59
9163,58
9164,59
9165,58
9166,60
9167,59
9168,58
9169,59
9170,58
9171,58
9172,58
9173,61
9174,60
9175,59
9176,59
9177,58
9178,59
9179,59
9180,58
9181,60
9182,60
9183,58
9184,58
9185,58
9186,59
9187,58
9188,60
9189,60
9190,59
9191,59
9192,59
9193,58
9194,59
9195,59
9196,59
9197,59
9198,59
9199,59
9200,59
9201,58
9202,58
9203,58
9204,61
9205,59
9206,60
9207,58
9208,58
9209,58
9210,59
9211,60
9212,59
9213,59
9214,58
9215,58
9216,59
9217,58
9218,60
9219,59
9220,58
9221,58
9222,58
9223,59
9224,59
9225,60
9226,59
9227,57
9228,59
9229,58
9230,58
9231,59
9232,60
9233,60
9234,59
9235,58
9236,58
9237,61
9238,58
9239,60
9240,59
9241,58
9242,59
9243,58
9244,59
9245,59
9246,61
9247,59
9248,60
9249,58
9250,59
9251,59
9252,58
9253,60
9254,59
9255,59
9256,59
9257,58
9258,60
9259,59
9260,59
9261,58
9262,58
9263,59
9264,58
9265,59
9266,59
9267,58
9268,59
9269,58
9270,59
9271,59
9272,60
9273,59
9274,60
9275,58
9276,59
9277,60
9278,58
9279,59
9280,59
9281,58
9282,59
9283,58
9284,58
9285,60
9286,58
9287,59
9288,59
9289,59
9290,58
9291,59
9292,58
9293,59
9294,59
9295,58
9296,58
9297,59
9298,59
9299,58
9300,60
9301,60
9302,59
9303,59
9304,58
9305,59
9306,58
9307,61
9308,59
9309,58
9310,58
9311,58
9312,58
9313,59
9314,59
9315,59
9316,59
9317,59
9318,59
9319,58
9320,59
9321,59
9322,59
9323,59
9324,59
9325,60
9326,58
9327,59
9328,59
9329,58
9330,59
9331,59
9332,60
9333,58
9334,57
9335,62
9336,58
9337,60
9338,59
9339,58
9340,58
9341,58
9342,59
9343,59
9344,59
9345,60
9346,58
9347,59
9348,59
9349,61
9350,59
9351,58
9352,58
9353,60
9354,59
9355,58
9356,58
9357,58
9358,59
9359,58
9360,59
9361,58
9362,59
9363,60
9364,60
9365,58
9366,58
9367,59
9368,59
9369,59
9370,58
9371,60
9372,60
9373,58
9374,58
9375,57
9376,58
9377,59
9378,59
9379,59
9380,58
9381,59
9382,60
9383,57
9384,58
9385,59
9386,59
9387,59
9388,59
9389,59
9390,57
9391,60
9392,58
9393,58
9394,58
9395,58
9396,60
9397,60
9398,59
9399,59
9400,59
9401,59
9402,59
9403,58
9404,58
9405,60
9406,59
9407,58
9408,58
9409,58
9410,59
9411,58
9412,59
9413,58
9414,60
9415,58
9416,58
9417,58
9418,58
9419,59
9420,59
9421,59
9422,59
9423,60
9424,60
9425,58
9426,58
9427,59
9428,59
9429,59
9430,60
9431,60
9432,58
9433,59
9434,58
9435,59
9436,59
9437,59
9438,60
9439,59
9440,59
9441,59
9442,59
9443,59
9444,59
9445,58
9446,59
9447,60
9448,59
9449,59
9450,58
9451,61
9452,58
9453,61
9454,59
9455,58
9456,59
9457,58
9458,59
9459,59
9460,59
9461,59
9462,59
9463,59
9464,59
9465,59
9466,59
9467,59
9468,59
9469,60
9470,58
9471,58
9472,58
9473,60
9474,59
9475,60
9476,58
9477,58
9478,59
9479,59
9480,59
9481,60
9482,59
9483,59
9484,58
9485,60
9486,59
9487,58
9488,58
9489,59
9490,58
9491,59
9492,60
9493,58
9494,58
9495,60
9496,59
9497,60
9498,60
9499,60
9500,58
9501,59
9502,58
9503,59
9504,60
9505,59
9506,59
9507,60
9508,58
9509,59
9510,59
9511,59
9512,60
9513,58
9514,59
9515,59
9516,59
9517,60
9518,58
9519,60
9520,59
9521,59
9522,58
9523,60
9524,59
9525,59
9526,58
9527,59
9528,59
9529,58
9530,59
9531,61
9532,58
9533,58
9534,58
9535,58
9536,59
9537,61
9538,59
9539,60
9540,58
9541,59
9542,59
9543,58
9544,59
9545,60
9546,58
9547,59
9548,58
9549,58
9550,59
9551,58
9552,59
9553,58
9554,59
9555,58
9556,59
9557,58
9558,59
9559,60
9560,58
9561,59
9562,59
9563,59
9564,58
9565,60
9566,59
9567,58
9568,59
9569,59
9570,58
9571,59
9572,59
9573,59
9574,59
9575,59
9576,58
9577,58
9578,59
9579,60
9580,59
9581,58
9582,59
9583,57
9584,58
9585,59
9586,60
9587,59
9588,60
9589,59
9590,60
9591,58
9592,58
9593,59
9594,58
9595,59
9596,59
9597,60
9598,58
9599,60
9600,60
9601,304
9602,58
9603,59
9604,58
9605,59
9606,59
9607,60
9608,59
9609,60
9610,58
9611,58
9612,59
9613,60
9614,59
9615,60
9616,58
9617,60
9618,58
9619,61
9620,58
9621,62
9622,59
9623,59
9624,59
9625,57
9626,59
9627,58
9628,59
9629,59
9630,58
9631,59
9632,58
9633,59
9634,58
9635,61
9636,59
9637,58
9638,58
9639,58
9640,60
9641,59
9642,60
9643,59
9644,60
9645,58
9646,59
9647,59
9648,58
9649,60
9650,59
9651,58
9652,58
9653,58
9654,59
9655,58
9656,61
9657,59
9658,58
9659,59
9660,58
9661,58
9662,59
9663,60
9664,59
9665,59
9666,58
9667,58
9668,59
9669,58
9670,59
9671,59
9672,60
9673,58
9674,58
9675,59
9676,61
9677,59
9678,58
9679,60
9680,59
9681,58
9682,61
9683,58
9684,58
9685,58
9686,60
9687,59
9688,60
9689,59
9690,59
9691,58
9692,59
9693,58
9694,59
9695,59
9696,60
9697,59
9698,58
9699,59
9700,57
9701,58
9702,59
9703,60
9704,59
9705,58
9706,59
9707,60
9708,58
9709,58
9710,59
9711,58
9712,59
9713,59
9714,60
9715,58
9716,57
9717,59
9718,58
9719,61
9720,59
9721,58
9722,60
9723,60
9724,58
9725,59
9726,59
9727,58
9728,59
9729,59
9730,59
9731,59
9732,57
9733,59
9734,59
9735,59
9736,59
9737,59
9738,60
9739,58
9740,58
9741,58
9742,58
9743,59
9744,60
9745,59
9746,58
9747,59
9748,58
9749,59
9750,58
9751,58
9752,59
9753,60
9754,59
9755,60
9756,59
9757,58
9758,59
9759,58
9760,59
9761,58
9762,59
9763,60
9764,59
9765,59
9766,59
9767,59
9768,59
9769,58
9770,58
9771,60
9772,60
9773,58
9774,58
9775,60
9776,58
9777,59
9778,59
9779,58
9780,60
9781,59
9782,58
9783,58
9784,59
9785,58
9786,58
9787,58
9788,59
9789,60
9790,58
9791,58
9792,59
9793,58
9794,59
9795,58
9796,60
9797,59
9798,58
9799,58
9800,59
9801,58
9802,58
9803,60
9804,59
9805,59
9806,60
9807,58
9808,58
9809,59
9810,60
9811,59
9812,59
9813,75
9814,59
9815,60
9816,59
9817,58
9818,59
9819,59
9820,58
9821,59
9822,58
9823,59
9824,59
9825,59
9826,59
9827,59
9828,60
9829,59
9830,59
9831,59
9832,58
9833,59
9834,59
9835,58
9836,60
9837,58
9838,59
9839,58
9840,57
9841,58
9842,59
9843,59
9844,58
9845,58
9846,58
9847,59
9848,58
9849,59
9850,60
9851,60
9852,58
9853,60
9854,59
9855,58
9856,59
9857,59
9858,59
9859,58
9860,59
9861,59
9862,58
9863,60
9864,59
9865,58
9866,58
9867,57
9868,58
9869,58
9870,58
9871,59
9872,58
9873,58
9874,58
9875,59
9876,59
9877,59
9878,59
9879,58
9880,59
9881,58
9882,59
9883,58
9884,59
9885,59
9886,60
9887,59
9888,59
9889,59
9890,60
9891,60
9892,58
9893,59
9894,60
9895,59
9896,58
9897,59
9898,58
9899,60
9900,60
9901,59
9902,58
9903,58
9904,60
9905,59
9906,58
9907,58
9908,58
9909,59
9910,58
9911,58
9912,58
9913,59
9914,57
9915,58
9916,58
9917,59
9918,58
9919,59
9920,59
9921,59
9922,58
9923,58
9924,59
9925,58
9926,59
9927,59
9928,59
9929,59
9930,58
9931,59
9932,58
9933,59
9934,58
9935,60
9936,58
9937,59
9938,59
9939,60
9940,59
9941,59
9942,59
9943,59
9944,59
9945,59
9946,59
9947,60
9948,59
9949,58
9950,59
9951,58
9952,60
9953,58
9954,59
9955,60
9956,59
9957,59
9958,58
9959,58
9960,59
9961,58
9962,59
9963,58
9964,59
9965,58
9966,59
9967,57
9968,58
9969,58
9970,59
9971,58
9972,59
9973,58
9974,59
9975,58
9976,58
9977,58
9978,59
9979,59
9980,58
9981,58
9982,59
9983,59
9984,59
9985,58
9986,59
9987,59
9988,61
9989,59
9990,59
9991,59
9992,58
9993,59
9994,59
9995,59
9996,58
9997,59
9998,59
9999,59
